name,email,country,created_at,status
Megan Garrett,ericksonlori@example.net,Colombia,2025-02-18 01:49:56.613433,active
Rachel Moreno,reidsandra@example.com,Venezuela,2024-03-15 00:10:48.925831,pending
Oriana Valdés Cáceres,franchmerche@example.net,Paraguay,2025-04-02 20:33:18.440599,active
Valentín Múñiz-Morante,manzanoconsuela@example.org,Peru,2024-01-16 21:17:33.944863,suspended
Yago Peinado,butlernoah@example.net,Colombia,2024-09-29 14:12:37.117525,suspended
Jamie Gonzales,ychacon@example.org,Bolivia,2023-10-20 12:17:56.477769,suspended
Ricardo Campbell,osunamarianela@example.net,Argentina,2023-11-25 14:22:04.717693,active
Sergio Albano Sánchez Bertrán,fito49@example.org,Mexico,2024-12-09 05:25:20.443053,active
James Owens,julieowens@example.com,Colombia,2024-08-15 23:31:47.845737,pending
Keith Cox,walmagro@example.com,Chile,2024-11-09 07:51:04.933286,pending
Jaime Vendrell-Flor,cherylharrison@example.com,Paraguay,2024-11-07 01:08:02.762948,active
Marisela Cuervo Palomar,ftrillo@example.org,Chile,2023-12-23 13:28:43.541399,pending
Jose Hampton,vbright@example.com,Colombia,2025-03-23 12:53:58.163996,suspended
Claudia Rodriguez,pachecoquique@example.net,Mexico,2025-03-11 22:48:45.413197,pending
Eddie Rivers,garysullivan@example.com,Ecuador,2024-06-24 05:35:04.486217,inactive
Alcides Gras Cervera,lorrainefreeman@example.org,Paraguay,2025-07-05 01:35:31.445373,pending
Scott Knight,olallavillalonga@example.org,Colombia,2025-04-26 06:33:36.727581,suspended
Julie Walters,triniescudero@example.com,Colombia,2024-08-02 11:20:43.308995,pending
Sheila Medina,marirafael@example.org,Ecuador,2024-03-28 04:12:08.448919,pending
Danilo Cortina Rey,tristanmartin@example.com,Chile,2024-11-10 19:10:37.985429,suspended
Nicole Castro,pfarre@example.org,Colombia,2025-03-31 12:11:09.558670,pending
Gregory Mclaughlin,ascensiongabaldon@example.org,Ecuador,2024-07-09 12:07:22.844949,inactive
Tasha Taylor,ashleycarroll@example.com,Peru,2025-06-22 12:59:53.888892,pending
Dr. Steven Levine,ugartetomasa@example.org,Bolivia,2024-04-21 20:04:48.103976,inactive
Olegario Villalba Morera,emily02@example.org,Colombia,2025-05-19 10:38:13.934051,active
Tommy Allen,andrea21@example.org,Chile,2023-10-10 10:35:22.426516,suspended
Tomasa del Palomar,noa68@example.org,Argentina,2024-12-31 22:46:35.450675,pending
Sancho Vilanova Zorrilla,twilson@example.net,Venezuela,2024-09-03 19:16:20.204775,suspended
Juan Antonio Busquets Cámara,herrerascott@example.net,Colombia,2024-08-17 08:16:17.768097,pending
Mark Gates,candelaacuna@example.com,Venezuela,2023-09-27 01:03:18.173375,pending
Anacleto Capdevila Ortuño,jenaromolina@example.net,Argentina,2024-03-30 17:08:17.615098,inactive
Olegario Carballo Madrid,marymurray@example.com,Argentina,2025-01-17 04:54:38.573849,pending
Teodora Solera Barrera,ruizjosefa@example.net,Colombia,2024-07-19 21:56:46.548883,suspended
Amaro Estevez Vega,kurtsmith@example.com,Chile,2025-04-28 14:29:39.861089,active
Logan Harmon,lparker@example.org,Colombia,2025-03-28 06:26:39.924325,suspended
Pánfilo Lluch Ávila,reyesjoshua@example.net,Mexico,2025-04-03 13:27:23.197382,inactive
Joel James,tiffany63@example.org,Colombia,2025-01-16 15:45:28.220407,pending
Michael Clark,delias@example.com,Argentina,2024-08-15 05:53:23.132796,pending
Matthew Johnson,mtorres@example.net,Ecuador,2024-11-03 10:28:49.488223,pending
Emiliano Asenjo-Gámez,ebrown@example.net,Colombia,2023-08-10 23:53:01.741339,suspended
María José Barreda Pla,herranzisaura@example.net,Colombia,2025-03-16 15:44:05.194924,active
Stacy Best,ingrid94@example.org,Bolivia,2023-12-27 18:08:02.790968,inactive
Victoria Peláez Valderrama,westchristopher@example.org,Colombia,2024-04-17 06:01:04.074788,suspended
Roxana Moliner Borrás,staceyreyes@example.net,Peru,2025-05-03 22:19:41.336841,pending
Concha Arroyo Viana,rkeller@example.org,Colombia,2023-11-25 03:23:11.924295,suspended
Ani Cabrero Cuéllar,ian89@example.org,Colombia,2024-03-15 09:09:38.460529,pending
Brenda Hendricks,derrick96@example.com,Argentina,2024-01-19 01:09:39.618886,pending
Henry Dixon,hilariobelmonte@example.com,Uruguay,2025-02-28 00:52:26.307094,pending
Nilda Matas Jordá,xarcos@example.net,Colombia,2024-12-29 05:59:37.068789,pending
Andrew Pearson,lucilaaparicio@example.org,Paraguay,2023-07-18 17:25:01.651207,inactive
Bernabé Reyes Alarcón,jamiemills@example.org,Venezuela,2024-09-03 13:03:18.192622,pending
Eleuterio Angelino Anguita Losada,thomas17@example.org,Chile,2025-06-28 09:46:53.876999,suspended
Jordán Expósito Barrio,milagros38@example.org,Colombia,2024-10-03 11:26:02.538599,pending
Carl Franklin,ymachado@example.net,Argentina,2024-12-06 12:02:24.168302,inactive
Marcelo Bermudez Sedano,kimberly21@example.net,Peru,2024-05-23 09:33:56.220036,active
John Saunders,rgarcia@example.net,Peru,2024-01-03 07:16:41.319169,active
Rafa Cantero Cantón,casemiro25@example.com,Colombia,2023-12-20 00:24:09.983516,active
Martha Montoya,melchorguzman@example.net,Ecuador,2023-10-12 23:42:13.582868,active
Shari Salazar,ccomas@example.org,Colombia,2025-01-16 10:38:28.079538,active
Aránzazu Ruiz-Ferreras,bmir@example.net,Chile,2024-09-04 11:01:05.856037,active
Dominga del Carreño,purificacion04@example.com,Colombia,2023-12-04 12:25:45.451705,inactive
David Moran,sabrinasantiago@example.org,Chile,2025-01-07 02:34:24.330864,inactive
Stacey Wright,qprice@example.org,Mexico,2024-08-06 03:24:26.915819,pending
Almudena Morera Bautista,xrodrigo@example.org,Bolivia,2024-11-11 15:55:58.282583,pending
Emily Brown,fosterjennifer@example.org,Colombia,2023-10-18 21:03:44.150424,active
David Gonzalez,renee11@example.net,Venezuela,2024-08-17 06:40:11.232339,inactive
Matthew Smith,iaguilar@example.com,Mexico,2025-07-08 18:10:12.743815,pending
Nancy Warren,paula51@example.com,Uruguay,2025-07-08 04:37:46.525862,pending
Bautista de Bertrán,rarino@example.org,Colombia,2024-10-21 17:33:42.901066,pending
Seve Montero,zvalls@example.com,Ecuador,2024-09-25 07:20:27.410272,pending
Ignacia Coca-Torre,zgordon@example.com,Paraguay,2023-09-03 15:06:24.508637,inactive
Consuela Abad,luis-angelbarbero@example.org,Ecuador,2024-05-19 12:02:58.213098,suspended
Elvira del Cuenca,reinaldo78@example.net,Colombia,2025-03-25 23:24:54.185866,inactive
Rosario Amor Morera,pparsons@example.org,Bolivia,2023-11-02 22:07:14.948087,suspended
Fabiana Pardo Gutiérrez,davisbrian@example.com,Mexico,2024-03-13 01:58:55.371830,inactive
Robin Diaz,richardsnicole@example.org,Uruguay,2024-11-16 06:31:15.013558,pending
Ignacio Alfredo Navarro Mariscal,salgadodario@example.net,Colombia,2025-01-06 01:40:57.033334,pending
Héctor Pozuelo Hurtado,jquerol@example.net,Peru,2024-03-18 10:14:58.867158,active
Román Luís Vega,ayerslisa@example.com,Colombia,2023-11-28 17:34:39.305585,inactive
Nathaniel Zimmerman,gzapata@example.net,Colombia,2025-06-27 21:08:41.422008,inactive
Daniela de Meléndez,michael03@example.org,Colombia,2023-09-26 04:37:44.157471,active
Luis Miguel Valenciano Boada,karlanorman@example.net,Bolivia,2024-01-01 21:03:41.266698,active
Felipe Galan Lledó,helen17@example.org,Chile,2023-11-16 18:11:33.993721,active
Dawn Long,donna56@example.com,Argentina,2023-12-22 17:51:05.274711,suspended
Colin Rodriguez,spizarro@example.com,Colombia,2024-03-05 21:10:08.797096,suspended
Jennifer Mercado,denise03@example.org,Venezuela,2024-09-03 07:14:38.305886,inactive
Severiano Jaén Carrasco,gonzalohernando@example.com,Paraguay,2023-12-03 07:51:57.439032,suspended
Kathy Zuniga,tammy64@example.net,Uruguay,2024-07-29 18:01:51.212262,inactive
Raquel Baquero Clemente,yferguson@example.net,Colombia,2023-10-14 17:26:44.472030,suspended
Patrick Petty,renato26@example.com,Bolivia,2024-06-22 09:07:04.912534,inactive
Lynn Clarke,joshuachapman@example.net,Venezuela,2024-08-29 08:09:03.075380,suspended
Adam Austin,matthew82@example.net,Uruguay,2024-07-21 15:04:51.481071,suspended
Candelaria Valenzuela Ramis,vlarrea@example.org,Colombia,2024-08-17 01:56:35.357973,active
Anselmo Gárate Lamas,octavia54@example.com,Uruguay,2024-09-21 08:17:49.555065,inactive
Shawn Summers,jack19@example.org,Venezuela,2025-04-30 02:40:25.471408,suspended
Randall Allen,jduncan@example.com,Chile,2023-11-01 05:01:29.786537,suspended
Irma Elena Nevado Rios,jasonmoore@example.net,Colombia,2024-10-29 09:08:49.338100,active
Jacqueline Thompson,caparrosjose-luis@example.net,Paraguay,2024-04-16 19:44:30.545331,active
Tere Ballesteros,basilio59@example.org,Uruguay,2023-07-20 17:15:09.490397,active
Marissa Bowman,ciriaco24@example.com,Mexico,2025-03-28 10:44:07.405268,suspended
Óscar Torrent,ivalencia@example.com,Colombia,2023-12-13 05:58:00.355520,active
Alexander Garcia,casandragarces@example.com,Mexico,2024-09-25 07:50:17.240683,inactive
Brittney Floyd,olivia56@example.net,Mexico,2024-01-19 00:48:13.261734,inactive
Graciano Trillo-Garay,tracie12@example.com,Chile,2025-03-05 19:01:35.255469,inactive
Telmo Planas Trillo,qmacdonald@example.com,Colombia,2024-07-19 17:12:30.550108,inactive
Albert Ford DDS,guzmanjavier@example.org,Argentina,2024-02-27 11:27:48.693336,suspended
Sheryl Gutierrez,melissa57@example.net,Paraguay,2024-04-19 14:39:18.376245,pending
Jessica Scott,flaviaquero@example.net,Bolivia,2024-01-28 15:27:00.997666,active
Michael Madden,custodia16@example.com,Colombia,2024-06-27 22:30:59.115562,suspended
Brian Morris,michelle52@example.org,Peru,2025-06-17 21:28:50.161283,inactive
Jennifer Simmons,landerson@example.org,Paraguay,2023-08-16 19:12:14.191624,pending
Amber Graham,figueroadiamond@example.net,Paraguay,2024-07-03 02:47:20.472136,suspended
Kimberly Cox,clemente81@example.net,Colombia,2023-08-28 19:48:53.490824,pending
Antonio Johnson,martinwilliam@example.com,Chile,2023-10-21 17:45:20.845158,active
Dolores Adán Salom,cborras@example.com,Bolivia,2024-01-06 09:59:44.814147,pending
Michelle Baker,pdavis@example.com,Mexico,2025-03-26 11:28:50.032274,suspended
Florentina Anglada-Toro,nortonmike@example.net,Colombia,2023-12-31 22:17:39.983436,suspended
Marita Benito-Sanmiguel,meverett@example.org,Venezuela,2025-07-06 02:06:39.732100,pending
Mariano de Sacristán,icriado@example.org,Paraguay,2025-04-17 15:20:09.171922,inactive
Zachary Archer,rodrigueztamara@example.com,Venezuela,2024-08-01 21:11:02.879157,pending
Jessica Mclaughlin,nkennedy@example.net,Colombia,2024-11-12 17:02:59.982973,suspended
Stacy Carr,rhughes@example.net,Colombia,2024-10-29 17:46:38.761606,pending
Luis Alvarez,galvarado@example.net,Peru,2023-12-27 14:26:46.583257,active
Diana Lowe,iiriarte@example.org,Colombia,2024-03-22 12:10:38.538885,inactive
Donald Herrera,rechevarria@example.org,Colombia,2025-05-31 05:31:05.573854,inactive
Flora Lobo Alcántara,buenaventura07@example.com,Mexico,2024-07-11 19:47:01.856827,pending
Luis Miguel del Páez,josephmyers@example.org,Argentina,2023-12-24 04:24:00.689050,inactive
Valentina Villalobos Ibarra,brianboyd@example.org,Chile,2025-05-24 20:14:08.811502,pending
Yéssica de Tamarit,almudena24@example.org,Colombia,2024-09-19 07:02:03.207692,suspended
Jacinto Morales Valderrama,hwilson@example.org,Ecuador,2025-02-25 06:10:27.829282,pending
Michelle Cain,ucamacho@example.com,Mexico,2024-07-03 18:49:51.537138,suspended
Bradley Baker,angela75@example.org,Bolivia,2025-02-01 08:48:32.889982,pending
Inocencio Abril Juan,ricartluis-angel@example.org,Colombia,2025-05-07 11:48:20.665359,active
Trini Alba Osuna,lbell@example.com,Bolivia,2024-04-30 14:30:50.339639,suspended
Guadalupe Folch Rovira,vaughanbrenda@example.com,Venezuela,2024-03-21 09:30:33.541790,suspended
Azucena Ariel Toledo Azorin,bernaberosa@example.org,Paraguay,2025-03-12 04:14:41.217602,inactive
Manuel Cantón Juárez,chicotrinidad@example.org,Colombia,2024-08-26 04:40:49.454907,active
Robert Lee,ricarda18@example.com,Chile,2025-03-04 21:48:00.050595,pending
Tiburcio Arnau Román,scott75@example.net,Mexico,2024-02-18 08:37:54.325142,active
Christina Fisher,jesus22@example.net,Peru,2024-04-22 07:07:49.728277,pending
Natalie Evans,bradjohnson@example.com,Colombia,2024-03-26 15:36:29.068944,active
Íñigo del Colom,dflores@example.org,Mexico,2025-03-29 16:47:13.571198,active
Catherine Evans DDS,prisciladiez@example.net,Bolivia,2023-11-23 18:18:45.569197,suspended
Matthew Bishop,jfuertes@example.net,Chile,2025-05-13 13:54:58.367349,pending
Miguela Granados Salgado,beverly49@example.com,Colombia,2024-01-25 20:43:19.443763,suspended
John Tucker,leiregelabert@example.net,Ecuador,2024-11-09 07:47:56.630450,inactive
Paco Nogueira Mate,evansmarcia@example.net,Colombia,2024-09-10 17:51:10.774605,suspended
Erika Sandoval,ufinley@example.org,Colombia,2025-03-28 22:01:20.682528,active
Brittany Moran,thomasgavin@example.com,Colombia,2024-09-15 19:28:40.107180,pending
Edmundo Beltrán-Vendrell,richard59@example.net,Venezuela,2024-11-30 22:19:26.233045,suspended
Lindsay Greene,bjaume@example.org,Mexico,2024-12-14 16:14:46.306716,suspended
Robert Hernandez,pepemayol@example.com,Peru,2023-12-23 20:40:11.366867,active
Tyler Lee,natalio32@example.net,Colombia,2025-02-07 22:52:35.026567,suspended
Grace Larson,claudiocortes@example.net,Chile,2025-05-10 15:19:15.414230,inactive
Albano Simó España,anacleto86@example.net,Paraguay,2024-03-09 01:20:21.814389,suspended
Rosalinda Ribes-Planas,plinio21@example.net,Argentina,2024-09-13 01:56:19.827613,inactive
Florentino Narciso Vergara Diego,abadvalentina@example.org,Colombia,2025-07-04 05:13:59.535104,inactive
Megan Schmidt,erin21@example.com,Argentina,2024-02-26 19:57:38.029101,inactive
Zaida Alonso Aguiló,encarnacion08@example.com,Uruguay,2024-01-19 03:15:41.245348,active
Jacinto Doménech Samper,crystal49@example.org,Ecuador,2024-02-17 01:20:18.756123,pending
Augusto Somoza Godoy,pastoraroman@example.org,Colombia,2024-03-26 04:23:14.432964,pending
Philip Hudson,justinreed@example.com,Argentina,2025-03-05 11:03:27.232903,inactive
Taylor Mcdowell,courtney65@example.com,Colombia,2025-02-16 06:25:16.802849,suspended
Alejandro Real Rivas,yllamas@example.net,Argentina,2025-06-02 16:37:19.441364,inactive
María Dolores de Casanova,mariaphillips@example.net,Colombia,2024-06-20 09:05:33.190005,pending
Connor Kent,chuy30@example.net,Ecuador,2025-07-08 22:55:59.158835,inactive
Joseph Moore,leonor11@example.com,Mexico,2024-02-22 21:03:41.425583,pending
Ramona Molina,flemingjeffrey@example.com,Bolivia,2024-02-19 15:03:02.025030,suspended
Kevin Duncan,danielleelliott@example.net,Colombia,2024-11-14 01:27:56.505441,pending
Eligio de Zabaleta,pcline@example.com,Venezuela,2023-11-23 07:44:25.068674,pending
Marie Dean,ccano@example.com,Ecuador,2023-11-11 18:31:16.944711,suspended
Fernando Uribe Cueto,victor55@example.net,Ecuador,2023-07-25 23:37:47.280959,inactive
Denise Jones,ballesterosluis@example.net,Colombia,2024-05-30 20:59:02.416505,suspended
Frank Frazier,jasonromero@example.net,Ecuador,2024-12-26 11:58:56.471711,pending
Samuel de Escalona,sarah86@example.org,Venezuela,2024-11-26 11:27:16.384522,suspended
Eric Obrien,robert78@example.com,Venezuela,2024-03-25 00:09:01.451384,active
Matthew Day,emily96@example.net,Colombia,2025-03-21 16:05:54.038881,active
Steven Roberts,susanvaughan@example.net,Chile,2024-03-12 16:59:03.947426,active
Ileana Arana,lucasespinosa@example.com,Peru,2024-04-21 09:13:17.632632,inactive
Gina Anderson,griffindeanna@example.net,Paraguay,2024-01-18 21:03:15.160425,active
Lino Pinedo Mate,qsolano@example.net,Colombia,2025-04-18 12:45:45.206249,pending
Michael Elliott,angelinobecerra@example.com,Mexico,2024-06-03 08:28:00.221256,inactive
Ryan Lewis,narias@example.com,Ecuador,2024-11-11 08:32:04.365095,inactive
Herminia Font Nicolás,veronicachandler@example.org,Argentina,2023-08-31 01:49:56.349726,inactive
Eliseo Montenegro Montenegro,esoto@example.net,Colombia,2025-05-10 23:56:13.465441,pending
Melissa Kennedy,itaylor@example.org,Uruguay,2024-04-16 05:26:03.726402,pending
Carlito Casanovas,jessica92@example.org,Peru,2025-01-11 20:50:56.914379,inactive
Elizabeth Schneider,tudelamaxi@example.net,Paraguay,2024-07-09 21:17:58.852803,inactive
Silvestre Morillo Lladó,ramirohuertas@example.org,Colombia,2024-08-21 10:08:20.665339,suspended
Shawn Nichols,carmela17@example.org,Chile,2025-03-03 01:23:41.166760,pending
Patrick Cantu,xmoles@example.net,Venezuela,2024-01-30 20:37:37.252390,inactive
Rosa María Badía Sala,bryantmelvin@example.org,Peru,2024-07-13 08:23:24.558180,active
Matthew Stone,rodriguezagata@example.org,Colombia,2024-07-24 00:53:43.677021,suspended
Amanda Morton,elago@example.net,Chile,2025-04-10 00:03:24.437596,active
Austin Booth,phillipmcgrath@example.org,Colombia,2024-06-02 22:15:57.948522,inactive
Michelle Wyatt,agueda84@example.com,Colombia,2024-02-03 17:26:00.213409,pending
Shannon Evans,michaelevans@example.net,Colombia,2024-07-24 20:16:04.841807,pending
Marisa Soler,castilloadam@example.org,Bolivia,2023-12-30 18:11:32.886000,active
Jessica Cunningham,desiree48@example.org,Bolivia,2024-06-09 14:24:46.207853,inactive
Jessica Jones,emir@example.com,Argentina,2023-11-27 09:02:06.914611,suspended
Eric Miller,walterscathy@example.net,Colombia,2025-05-02 14:47:21.206034,inactive
Guadalupe Tere Campillo Arco,barcobenjamin@example.org,Chile,2023-11-21 18:40:32.029942,suspended
Modesta Crespi,qlosada@example.net,Uruguay,2025-06-13 04:09:58.988002,inactive
Angela Kemp,shane48@example.com,Uruguay,2024-06-26 09:01:14.604774,suspended
Emigdio Carro Paz,rebecaamaya@example.net,Colombia,2024-07-10 02:19:45.670640,pending
Nieves Palmer Barros,rebecca39@example.com,Peru,2025-06-19 15:53:34.234263,active
Pastora Alonso Echevarría,gperal@example.org,Argentina,2023-12-21 21:12:50.384375,suspended
Bárbara del Pinilla,caridad08@example.org,Uruguay,2025-01-24 05:46:01.295739,active
Ashley Pope,rubiocornelio@example.org,Colombia,2023-08-05 02:00:22.382346,inactive
Nerea Jover Falcón,jessicashelton@example.com,Venezuela,2024-06-12 22:28:02.260298,inactive
Sean Walton,stoneamanda@example.com,Venezuela,2023-08-24 00:32:16.821047,active
Gary Norris,smithdavid@example.org,Ecuador,2024-10-09 09:12:56.665765,active
Ms. Colleen Jensen DDS,julianjoaquina@example.org,Colombia,2024-07-25 04:32:55.247890,active
Abril Iniesta Osuna,figuerolajesus@example.net,Peru,2024-07-06 17:14:11.920504,inactive
Lisa Dickson,manolamartin@example.org,Ecuador,2025-06-23 22:11:32.128556,active
Diane Anderson,nolmo@example.org,Colombia,2024-02-13 12:29:56.017445,active
Susan Walker,maybelinda@example.net,Colombia,2024-02-18 01:52:48.846571,active
Gloria Cross,lindsay09@example.org,Venezuela,2023-12-02 10:21:31.202367,inactive
Nicolasa Teruel Heredia,eusebio74@example.net,Colombia,2025-05-20 18:25:55.934486,inactive
Luz Jimena Rey Hernando,jonatanacuna@example.net,Ecuador,2024-10-27 12:49:17.592674,inactive
Isidora Jurado-Sosa,grahamleslie@example.org,Colombia,2024-12-30 13:59:47.364624,suspended
Christopher Pope,anne79@example.org,Chile,2024-02-20 19:10:32.351849,inactive
Nicole Romero,melissa43@example.com,Colombia,2025-03-15 12:38:09.814250,pending
Luz Morcillo Carranza,wbatalla@example.net,Chile,2024-03-13 05:16:32.744717,pending
Luis Hernandez,fsweeney@example.net,Colombia,2025-03-09 22:17:32.991148,active
Brandi Perez,nzabala@example.net,Argentina,2023-07-23 01:08:05.991917,inactive
Porfirio Páez-Goñi,tharvey@example.com,Paraguay,2024-09-04 09:18:07.185860,suspended
George Barrett,garmendiaherminia@example.org,Mexico,2024-10-17 16:05:47.076731,inactive
Wilfredo Sarabia,hvillaverde@example.net,Colombia,2024-10-07 13:17:31.383716,suspended
Florencia del Sureda,montoyaandres-felipe@example.org,Mexico,2023-09-12 05:20:51.082530,suspended
Kerry Davis,cynthiamaldonado@example.org,Uruguay,2023-08-13 02:44:17.794656,active
Peter Stevenson,llabresramon@example.com,Chile,2024-12-23 20:28:35.226851,suspended
Matthew Rodriguez,sanguita@example.net,Colombia,2024-09-04 07:47:54.730233,pending
Victoria Perez,qmartin@example.net,Chile,2025-06-05 15:50:58.064213,pending
Alondra Gallo,remigioredondo@example.org,Colombia,2024-09-15 00:52:24.456478,active
Fausto Fortuny Rosell,gregory76@example.net,Peru,2023-10-29 15:14:39.229034,pending
Carolyn Williams,cstewart@example.net,Colombia,2025-07-07 07:20:08.744174,active
Ema Llopis Dalmau,camachohumberto@example.net,Colombia,2024-10-30 20:08:15.319153,active
Emigdio Bermudez Ramón,arocafrancisco-jose@example.net,Argentina,2024-07-15 18:49:47.798136,pending
Raimundo Almansa Vélez,gonzalesrachel@example.net,Uruguay,2025-06-22 15:17:22.098199,active
Andrew Walters,miguelseverino@example.org,Colombia,2025-01-10 19:47:03.636107,pending
Néstor Ros Espejo,hernandezjames@example.com,Uruguay,2024-11-13 20:53:35.956822,active
Joshua Macdonald,emilia84@example.org,Argentina,2024-06-22 09:12:22.459392,pending
Sherry Francis,julie81@example.net,Ecuador,2024-04-19 18:17:52.550645,suspended
Cindy Wallace,allendavis@example.com,Colombia,2024-01-01 23:44:06.201665,suspended
Ismael Portillo Navas,danielalarrea@example.org,Mexico,2025-04-28 10:02:09.742140,pending
Steven Walker,leslie33@example.com,Colombia,2025-06-24 00:27:36.118584,active
Thomas Simmons,ryanjennifer@example.org,Argentina,2024-08-02 07:53:12.937350,pending
Ale Juárez Guerra,brian23@example.com,Colombia,2023-11-07 14:51:15.195552,active
Azahara Lobo Alfonso,rebecca59@example.com,Peru,2024-12-10 09:09:01.498290,pending
Glenn Olsen,kimcrawford@example.com,Paraguay,2025-04-07 06:03:26.506873,inactive
Julio Anguita-Cabanillas,pizarroplacido@example.org,Paraguay,2025-07-03 06:15:42.606688,pending
Itziar Arellano Rojas,adamssean@example.org,Colombia,2024-12-08 16:53:28.870706,suspended
Rebecca Li,esteveleon@example.org,Peru,2024-07-25 13:08:42.265105,suspended
Samuel Sullivan,robert08@example.net,Colombia,2023-10-21 23:06:43.185109,pending
Jared Edwards,epreston@example.net,Colombia,2025-06-03 10:16:20.333246,active
Clara Villar Dalmau,qgoodwin@example.net,Colombia,2024-03-14 07:27:05.145282,pending
Aurora Sobrino Arévalo,xpont@example.org,Ecuador,2023-09-20 23:00:24.144253,inactive
Melissa Alvarez,irmamugica@example.net,Bolivia,2024-03-20 17:32:20.042955,suspended
Marianela Lopez Perera,gregoriocanton@example.org,Colombia,2023-09-10 20:38:04.991412,active
Amanda Mitchell,relliott@example.net,Colombia,2025-06-01 09:45:21.914023,suspended
Olegario Llano-Montenegro,hallrobert@example.net,Venezuela,2025-02-18 22:57:37.084711,suspended
Shane Robinson,twashington@example.com,Ecuador,2024-06-12 19:25:56.288882,active
Joseph Vazquez,elizabethreyes@example.org,Venezuela,2025-06-24 11:28:48.125767,suspended
Amanda Blankenship,angelinamontalban@example.org,Colombia,2024-07-28 20:48:30.110250,suspended
Timothy Hernandez,trosell@example.org,Mexico,2024-03-27 03:40:53.533307,active
Javi Céspedes Mateu,goicoecheajose-luis@example.org,Uruguay,2024-01-08 03:59:43.047608,pending
Ana Sofía Angulo Cerdán,jerry23@example.org,Paraguay,2025-03-06 18:04:35.460145,pending
Toño Garriga-Córdoba,jane11@example.org,Colombia,2024-08-06 10:45:40.784314,pending
Ronald Perkins,alexanderphelps@example.org,Uruguay,2024-07-22 03:51:04.485425,pending
Elizabeth Robbins,folchema@example.org,Chile,2023-08-13 23:26:47.753008,suspended
Danielle Simmons,luismills@example.com,Chile,2025-06-11 00:12:37.375168,inactive
Filomena Muro,davidheath@example.org,Colombia,2025-07-04 18:41:56.558879,pending
Lino Osorio Isern,wanda63@example.com,Argentina,2024-04-17 03:03:10.771775,pending
Ann Thomas,celestina32@example.com,Ecuador,2024-01-18 22:54:39.756234,suspended
Eligio Izaguirre Gras,tammy44@example.com,Ecuador,2024-11-07 03:38:09.709246,pending
Nicholas Graves,pulidoalbano@example.com,Colombia,2024-10-06 11:32:32.868840,pending
Esperanza Ana Sofía Larrañaga Corbacho,hmur@example.net,Peru,2024-01-22 16:25:23.515151,suspended
Vincent Jackson,naramburu@example.com,Colombia,2024-09-03 03:38:04.278661,pending
Thomas Curry,leah21@example.net,Argentina,2024-09-26 03:27:18.354548,active
James Wright,bernardocarmona@example.com,Colombia,2024-07-03 18:28:52.445637,active
Martina Sedano Manjón,rmateos@example.org,Bolivia,2024-02-26 13:48:32.380908,suspended
William Mckinney,dani99@example.net,Ecuador,2024-07-11 01:38:44.252119,pending
Monica Larson,poncio38@example.com,Argentina,2024-09-22 01:13:15.214260,pending
Terry Rogers,williamedwards@example.com,Colombia,2024-09-22 18:13:54.457778,inactive
Brígida Roma,zvarela@example.org,Chile,2024-08-08 23:09:58.120661,inactive
Eladio Evaristo Gelabert Salom,juan-manuelpedro@example.org,Mexico,2025-01-10 06:50:06.870365,inactive
Frederick Martinez,kpoole@example.org,Uruguay,2024-11-17 17:36:02.080675,pending
Elena Royo Antón,zhaynes@example.org,Colombia,2025-02-14 04:39:57.188739,suspended
Jorge Francisco Santamaría,luisalasa@example.org,Chile,2024-08-14 19:24:02.668584,suspended
Kristin Mills,nicolasagarzon@example.com,Paraguay,2023-08-18 19:41:54.654575,suspended
Mar Merche Pinilla Fortuny,sheryl13@example.com,Chile,2024-10-30 04:18:06.856515,suspended
Luna Pla Bernad,lolacuervo@example.com,Colombia,2023-11-16 20:57:45.785672,suspended
Quirino Abellán Rodriguez,hooverjennifer@example.org,Mexico,2024-01-20 23:41:03.278723,active
Nicanor Arranz Osuna,jramos@example.org,Ecuador,2025-05-15 19:12:35.992929,inactive
Nicole Steele,uroman@example.net,Peru,2024-08-18 19:56:43.019645,active
Lisa Garcia,stephaniedalton@example.com,Colombia,2025-05-10 15:24:55.198929,active
Alexis Jordan,vjohnson@example.net,Mexico,2024-09-06 14:01:07.521307,pending
Robert Cooper,tsans@example.org,Chile,2025-03-21 14:22:39.479708,active
Sharon Vargas,marianela82@example.net,Colombia,2025-04-22 04:54:16.138431,suspended
John Lee,melendezponcio@example.net,Colombia,2023-09-24 06:19:10.191388,pending
Martina Cobos Cerezo,olopez@example.org,Argentina,2024-04-18 17:39:03.247177,inactive
Jose Angel Montenegro-Amigó,roman06@example.com,Colombia,2024-12-19 21:07:01.178145,pending
Michael Gomez,mirandajose-francisco@example.net,Colombia,2023-10-09 21:23:49.378623,pending
Vilma Torre,rene72@example.org,Colombia,2024-06-13 02:02:11.338697,active
Samantha Whitehead,ferranelias@example.org,Chile,2025-05-10 07:56:34.268268,inactive
Kevin Wright,pelayonicolas@example.net,Uruguay,2024-01-07 06:15:00.521997,inactive
Zacarías Castrillo Carrasco,ebarker@example.com,Uruguay,2023-08-14 11:06:07.166465,suspended
Isidora del Moreno,adanrebollo@example.net,Colombia,2024-06-23 23:12:47.327453,pending
Lisa Carrillo,wesley72@example.net,Mexico,2024-04-25 23:48:56.314926,suspended
Gina Little,lidiapascual@example.org,Peru,2024-08-24 13:17:59.194141,pending
Daniela Torres Alba,riosepifanio@example.net,Bolivia,2025-01-24 13:48:27.712737,active
David Warren,tamara26@example.org,Colombia,2024-05-23 18:19:52.625270,pending
Kevin Hayes,isidoracazorla@example.org,Mexico,2025-04-01 06:20:01.523757,active
Lisa Foster,marvindavies@example.net,Mexico,2025-01-20 14:31:58.304399,active
Josep Bartolomé Armengol,lovenathan@example.net,Mexico,2024-02-22 08:45:51.313976,suspended
Joel Peinado Hurtado,anacleto99@example.net,Colombia,2024-03-22 13:05:23.486142,suspended
Francis Curry,clarkmichael@example.net,Argentina,2024-12-11 02:03:00.471475,inactive
Brígida Olivera Llorens,debramorrison@example.org,Venezuela,2025-04-12 07:10:43.291087,suspended
Ildefonso Albino Uribe Roca,zaragozadomingo@example.com,Chile,2024-08-20 01:25:38.990205,pending
Agustina Feliu,arturomiro@example.org,Colombia,2025-03-12 09:33:18.866525,pending
Emily Rogers,stephaniebradley@example.com,Chile,2025-03-15 12:00:20.131327,pending
Rosalina Miranda Peñas,wmarino@example.net,Chile,2024-11-10 21:07:10.297167,pending
Chus Peralta Pagès,melaniagonzalez@example.net,Paraguay,2024-11-03 17:18:10.751132,pending
Joshua Hernandez,clemente63@example.net,Colombia,2024-02-04 20:53:12.057383,suspended
Bryan Jackson,lino32@example.org,Chile,2024-08-11 02:59:18.836779,active
Consuelo Capdevila Pol,rileyburke@example.com,Colombia,2025-07-06 06:57:52.278119,active
Julieta Prats Pombo,joshuarowe@example.org,Chile,2023-08-25 20:10:37.215381,active
Hector Alsina Luque,steven09@example.com,Colombia,2024-03-06 00:06:43.319819,pending
Teodosio Diego-Quintanilla,rcamacho@example.org,Venezuela,2025-03-08 23:57:03.483078,inactive
Chuy Esteban Prada,jwood@example.net,Peru,2024-04-25 00:47:02.808104,active
Anthony Pope,dpatino@example.net,Chile,2024-11-10 04:33:47.825039,pending
Zaida Jacinta Urrutia Nebot,francosteven@example.net,Colombia,2024-09-17 11:18:46.216694,inactive
Melanie Brown,terryalexander@example.org,Venezuela,2023-12-17 11:42:08.767117,suspended
Jennifer Perry,thomasgonzales@example.org,Chile,2024-09-14 02:06:25.219748,inactive
Bethany Duffy,kbenavente@example.net,Paraguay,2024-05-15 21:31:18.896024,active
Jeremy Joyce,petronaalegria@example.net,Colombia,2024-08-09 19:18:29.170027,inactive
Gabrielle Lee,vilmabolanos@example.net,Colombia,2025-07-01 16:21:05.996628,active
Richard Padilla,mdouglas@example.org,Paraguay,2024-09-08 17:32:35.586802,pending
Zachary Stevenson,smiller@example.com,Chile,2023-07-21 15:03:29.939107,suspended
Aaron Hernandez,amarobelda@example.org,Colombia,2025-01-16 14:35:14.071815,suspended
Baltasar Reguera Tovar,dominguezscott@example.net,Mexico,2023-08-08 09:16:52.350812,suspended
Lucila Amarilis Lillo Moya,eliseo28@example.org,Uruguay,2023-07-23 05:46:21.193508,inactive
María Luisa Fortuny,jennifermullen@example.com,Paraguay,2024-11-05 23:55:33.102404,inactive
Patricia Henry,tricia60@example.net,Colombia,2024-12-24 21:59:50.497478,inactive
Teresita del Mora,moralesjulia@example.org,Colombia,2024-01-24 13:36:56.050061,pending
James Mcconnell,almansapurificacion@example.com,Colombia,2025-05-14 20:36:50.166373,suspended
Constanza Rodrigo Ibáñez,florina17@example.com,Chile,2025-07-02 15:19:16.122125,suspended
Kevin Evans,michelle73@example.com,Colombia,2025-07-09 22:28:25.171056,pending
Kristie Pierce,charlesnguyen@example.net,Bolivia,2024-04-15 07:26:48.607633,pending
Danielle Harper,julianseco@example.com,Peru,2023-11-17 19:43:43.183674,pending
Ceferino Garrido Carvajal,figuerasvictor@example.net,Uruguay,2024-01-29 01:57:02.810423,pending
Cayetana de Romero,piercesonia@example.org,Colombia,2024-04-14 04:18:38.779769,pending
Alexander Johnson,rgarza@example.net,Venezuela,2023-11-27 23:29:16.322211,suspended
Keith Johnson,encarnita24@example.net,Colombia,2025-04-29 01:58:25.041152,active
Joaquín Bou Soriano,tomasflavio@example.org,Bolivia,2024-04-04 22:52:26.029889,suspended
Agapito Jover,currocanizares@example.com,Colombia,2023-11-02 00:22:59.444909,suspended
Gregorio Carballo,robert51@example.net,Colombia,2025-05-19 04:01:16.878122,inactive
Jonatan del Ariza,fjara@example.com,Colombia,2024-02-29 10:39:22.929803,pending
Michael Weeks,ijohnston@example.com,Venezuela,2024-12-16 02:23:17.658766,pending
Edward Lee,xjones@example.com,Colombia,2024-10-11 23:00:50.599462,pending
Garrett Baker,emmaprieto@example.net,Chile,2024-11-23 08:06:06.671608,active
Alvin Marquez,rodrigueztaylor@example.org,Colombia,2023-12-01 04:21:00.268925,pending
Rosenda Villar Vélez,mirtamarti@example.com,Uruguay,2024-02-15 10:44:39.069233,suspended
Nacio de Salgado,amadorcaceres@example.net,Colombia,2025-04-19 17:40:35.613183,pending
Stephen Nixon,thomas54@example.com,Colombia,2024-09-30 22:01:26.091690,suspended
María Carmen Carrasco Cano,bbolanos@example.net,Chile,2025-01-13 10:14:28.617959,pending
Sigfrido de Doménech,salcedomoreno@example.org,Venezuela,2023-08-30 00:41:26.224391,suspended
Pamela Diaz,luishardy@example.org,Colombia,2023-09-19 08:43:30.241037,pending
Mary Hensley,bennettdonna@example.org,Venezuela,2023-12-04 20:32:33.924070,pending
Juan Manuel Fabra Carreras,danielday@example.org,Peru,2023-09-27 13:48:30.587573,suspended
Beatriz Vicens Escamilla,lewiseric@example.com,Argentina,2024-04-25 23:34:13.459874,inactive
Theresa Logan,spastor@example.org,Colombia,2024-10-05 04:10:30.150475,pending
Isaura Aroca Verdugo,bgiron@example.net,Chile,2025-02-28 12:12:20.620308,suspended
Eric Wells,laurie22@example.org,Mexico,2023-09-08 03:50:50.495773,pending
Mallory Lee,pgoodwin@example.org,Bolivia,2024-08-28 10:37:34.797390,suspended
Rómulo Rojas Baeza,silviamedina@example.com,Colombia,2024-11-19 19:22:39.180149,suspended
Quique Aguilera Aguiló,hidalgobelen@example.org,Mexico,2023-12-06 10:37:01.841283,pending
Brandy Miller,barriojose-angel@example.com,Mexico,2024-12-03 12:45:03.436826,suspended
Timothy Hull,leedavid@example.com,Paraguay,2023-09-27 14:24:36.738885,suspended
Amanda Walker,contrerasulises@example.com,Colombia,2024-12-03 03:39:54.006215,suspended
Josefina Puig Esteban,desiderio12@example.net,Venezuela,2024-11-17 12:39:35.555460,inactive
Nuria Priego Quintanilla,wwiley@example.com,Uruguay,2024-03-22 02:32:45.323485,active
Michelle Hall,ocanaantonio@example.net,Chile,2025-04-20 00:40:56.343740,inactive
Trinidad Verdejo Villalonga,galaarce@example.net,Colombia,2024-06-17 16:41:02.681035,active
Melissa Salinas,zacharyadams@example.com,Bolivia,2023-09-20 08:01:24.543590,active
Craig Fletcher,angelicagarcia@example.net,Bolivia,2024-03-22 22:28:57.531305,pending
Vinicio Miguel Pina,davidmoore@example.org,Chile,2023-11-26 20:29:26.714490,pending
Felipa Adán-Pou,borregorene@example.net,Colombia,2024-01-05 08:19:02.982721,suspended
Rogelio Rojas,garzonvictor@example.net,Mexico,2024-07-23 11:00:39.729045,suspended
Rafaela Aguiló Giralt,robert52@example.org,Argentina,2024-12-13 18:56:15.769254,suspended
Kimberly Barrera,ischroeder@example.com,Bolivia,2025-03-30 20:25:02.330407,pending
Lisandro Arnal Goicoechea,kathysingh@example.org,Colombia,2023-11-03 20:14:34.597668,active
Isabel Odalis Somoza Morell,paezcelestino@example.org,Ecuador,2024-03-20 08:24:47.033627,pending
Katrina Collins,iabril@example.com,Paraguay,2024-06-13 05:34:32.040409,active
Lisa Thomas,alvaro15@example.net,Peru,2024-01-11 06:08:15.844485,pending
Manu Bellido,vanessa32@example.net,Colombia,2024-02-10 08:18:23.166343,inactive
Matías Alonso Manjón Escobar,severinogibert@example.com,Paraguay,2025-05-16 09:22:16.544298,active
Denise Downs,clarkamy@example.com,Argentina,2023-12-17 10:43:20.307653,pending
Jorge Zaragoza Castejón,pamor@example.com,Paraguay,2024-11-11 07:47:18.424512,active
Todd Miller,michele44@example.com,Colombia,2023-10-23 19:57:28.533113,pending
Rufino de Huguet,natalia28@example.net,Colombia,2024-12-15 09:36:37.105545,suspended
Jeffrey Davis,fsanchez@example.com,Bolivia,2024-04-19 10:27:11.481504,active
Brandon Rogers,alexandra21@example.org,Bolivia,2025-07-12 02:27:17.924793,inactive
Manu Llobet Osorio,galoabellan@example.com,Colombia,2024-11-22 07:30:11.753137,pending
Carlos Gimenez Cordero,ecarvajal@example.net,Peru,2025-01-02 12:44:42.538610,active
Rebecca Gray,mcdonaldthomas@example.net,Peru,2024-04-08 19:23:01.326361,inactive
Manu Mínguez Cuervo,kbrooks@example.net,Colombia,2024-04-25 20:11:39.167058,active
Amalia Ángela Ibarra Calvet,vmcclain@example.com,Colombia,2023-08-09 08:04:09.162389,inactive
Jessica Oneill,secovinicio@example.com,Venezuela,2023-07-17 05:13:25.801149,active
Reinaldo Reyes Ferreras,miguela52@example.com,Mexico,2024-07-23 14:01:17.894245,pending
Catalina Bosch-Gordillo,carloscasanova@example.net,Chile,2025-06-22 10:04:46.829198,inactive
Jessica Stanley,djackson@example.com,Colombia,2024-03-13 05:44:15.014563,active
Robert Snyder,eligia91@example.com,Mexico,2025-02-25 10:00:11.475159,inactive
Ainoa Quintero Alonso,ceferinoibanez@example.com,Chile,2023-09-24 03:38:04.471442,inactive
Linda Davis,lisamckenzie@example.org,Paraguay,2023-11-18 10:45:06.418163,suspended
Jennifer Williams,jamesmorris@example.org,Colombia,2024-07-08 06:21:54.383555,pending
Trinidad Diéguez Oliver,joannabutler@example.net,Paraguay,2024-05-25 03:24:08.478436,inactive
Michael Bennett,vreyes@example.com,Ecuador,2025-02-17 02:07:20.231110,pending
Rosenda de Echevarría,botellageronimo@example.com,Chile,2025-04-12 05:28:38.644840,suspended
Fabiola Barriga-Mosquera,gdiego@example.net,Colombia,2023-12-20 14:05:48.888580,pending
Julie Brown,macarena49@example.net,Venezuela,2024-11-05 09:12:22.552180,suspended
Katrina Freeman,marcoscarro@example.org,Paraguay,2025-06-15 20:27:59.347585,suspended
Esperanza Cal Julián,cgrau@example.net,Chile,2023-08-08 05:40:41.165237,suspended
Bryan Powell,mcneilkaren@example.org,Colombia,2023-08-19 10:16:22.277710,active
Nicholas Mckay,alejandrosampson@example.net,Mexico,2023-10-13 17:48:41.038013,active
Hernando Garay-Gual,clarkmichael@example.net,Mexico,2025-07-11 07:31:47.246800,suspended
Jeremías Carreño Segura,michaelpatterson@example.org,Colombia,2024-09-11 23:50:35.018765,inactive
Sabrina Williams,eferrando@example.com,Colombia,2025-02-11 22:02:52.211940,suspended
Elpidio del Sarmiento,noriegasofia@example.net,Bolivia,2024-05-29 02:42:49.932389,inactive
Raquel Barón Morales,bartonevan@example.com,Argentina,2023-10-03 11:27:13.406203,suspended
Philip Hartman,magdalenacatalan@example.com,Mexico,2024-01-27 07:10:52.595403,suspended
Dalila Naranjo Frutos,isabel30@example.com,Colombia,2024-05-25 16:33:05.193435,pending
Matthew Nelson,amando49@example.com,Venezuela,2025-05-25 09:18:15.881124,suspended
Juanita Estela Carlos Durán,dcarbo@example.net,Paraguay,2024-06-22 21:24:40.661255,suspended
Michael Jackson,humberto68@example.net,Uruguay,2025-01-30 21:44:49.526070,suspended
Néstor Amo Mateu,edwardsdanielle@example.com,Colombia,2024-02-20 22:46:44.601708,active
Asunción Arribas Mesa,luciobalaguer@example.com,Bolivia,2024-09-07 13:38:20.551876,suspended
Christina Fuller,juanitocazorla@example.org,Uruguay,2024-07-17 05:31:58.677591,inactive
Marita Abella Mendoza,scott53@example.net,Chile,2023-08-10 16:03:19.640128,suspended
Jessica Estrada,jmarquez@example.org,Colombia,2024-09-26 12:18:06.369880,active
Robert Nichols,hwalker@example.org,Bolivia,2024-03-18 20:19:54.413983,suspended
Mary Cook,brunildabravo@example.net,Peru,2024-05-30 23:43:46.154378,pending
Joseph Tucker,jwarner@example.net,Peru,2025-05-13 21:28:25.720273,inactive
Ariadna Perez Vazquez,rebecca57@example.com,Colombia,2024-12-14 21:39:16.371646,active
Laura Washington,robbinsjean@example.net,Paraguay,2024-01-28 03:40:07.055429,suspended
Mary Spears,fermin81@example.org,Ecuador,2023-08-02 04:30:24.773273,suspended
Collin Davila,blankenshipwilliam@example.org,Paraguay,2024-06-25 01:27:49.166727,inactive
Tracey Montoya,rosellosalome@example.net,Colombia,2024-10-06 13:37:18.009075,active
Macarena Palma,lmorgan@example.net,Peru,2024-07-01 22:56:42.748870,pending
Tonya Alvarez,melissawilliams@example.com,Uruguay,2023-09-25 19:39:01.969357,pending
Mónica Marín,danielvelasquez@example.com,Chile,2024-11-11 11:22:37.811632,active
Craig Haas,moodyjoel@example.org,Colombia,2024-07-27 14:07:39.313980,pending
Mark Williams,yaiza67@example.org,Uruguay,2024-11-06 04:11:10.491661,suspended
Ernest Wright,gwilkinson@example.com,Argentina,2025-03-01 23:38:57.844428,active
Urbano Calderón Castejón,christopherortega@example.org,Colombia,2023-12-03 09:03:51.941708,inactive
Gavin Wagner,bethweber@example.com,Colombia,2023-11-19 18:27:19.291767,pending
Edgardo Gallart,csilva@example.org,Mexico,2024-05-18 14:43:24.942318,pending
Valentín Puig Heras,justinschroeder@example.net,Bolivia,2024-11-07 09:12:14.948107,pending
Sigfrido Ferrando,bmorillo@example.org,Argentina,2024-12-19 02:44:32.837965,suspended
Julio César Corral Gárate,nicholas95@example.com,Colombia,2023-07-25 12:30:34.004862,inactive
Nadia Flor Trujillo,lucilanicolas@example.com,Chile,2023-11-22 05:51:47.599000,pending
Josué Eugenio Sancho Guerra,javi83@example.com,Colombia,2024-07-06 23:38:49.632692,pending
Aureliano Cecilio Noguera Pastor,porfirio93@example.com,Mexico,2024-07-26 01:37:50.519408,suspended
Rogelio Gallego Rojas,blakeangela@example.com,Colombia,2023-07-20 07:38:17.595964,suspended
Flora Fuente Maestre,ricardo39@example.net,Peru,2024-11-29 08:23:58.808518,suspended
Brandon Barajas,fowlermary@example.com,Colombia,2024-07-18 04:32:40.319640,active
Julie Alexander,rufino51@example.com,Venezuela,2025-05-03 07:09:45.246671,active
Camilo Rovira Asenjo,kelsey18@example.net,Colombia,2025-01-23 18:30:14.867747,suspended
Mr. Jay Brown,meganmarks@example.com,Paraguay,2023-12-14 04:51:10.746594,suspended
Thomas Clarke,caitlinleblanc@example.org,Bolivia,2025-05-25 20:05:58.733177,inactive
Yolanda Meyers,cristinaconner@example.org,Ecuador,2024-12-24 02:14:12.383267,suspended
Rosario de Torre,achamorro@example.com,Colombia,2024-07-13 09:14:09.941219,inactive
Lisa Evans,lknox@example.org,Chile,2025-05-12 08:58:10.726473,suspended
Ronald Mercado,frubio@example.com,Peru,2025-04-23 04:09:02.013724,pending
Samantha Kaufman DDS,bustoshoracio@example.com,Venezuela,2025-07-01 13:40:08.188342,active
Jovita Santamaría Llamas,econrad@example.net,Colombia,2024-06-09 12:12:59.405131,pending
Donna Olson,csaavedra@example.com,Ecuador,2025-03-13 10:24:16.694230,pending
Ciríaco Plácido Torrijos Sureda,lawrencejason@example.net,Bolivia,2023-10-01 05:41:00.753289,pending
Gracia de Toro,maria53@example.org,Mexico,2024-05-19 00:37:58.912959,pending
Karen Santiago,celiabelmonte@example.com,Colombia,2025-01-19 10:20:01.880981,active
Nazaret Amat Cruz,cbadia@example.com,Uruguay,2024-08-01 22:06:47.755142,pending
Rebecca Rogers,lewiskimberly@example.net,Bolivia,2025-02-26 13:49:06.348492,suspended
Allison Price,jonestimothy@example.org,Argentina,2024-05-15 08:51:57.025228,pending
Íñigo de Carbonell,diegodalila@example.net,Colombia,2023-11-07 07:04:06.864197,active
Renata Peña Rueda,verdejoluis-miguel@example.net,Argentina,2024-04-08 09:14:07.443593,inactive
Hermenegildo Cabo-Garmendia,anne93@example.net,Ecuador,2024-07-09 22:24:29.587547,active
Phillip May,amorpablo@example.com,Ecuador,2025-06-02 14:25:53.943698,active
Brenda Hicks,angelitacanas@example.net,Colombia,2025-07-08 02:04:44.340791,suspended
Mayte Santos Teruel,chris95@example.com,Venezuela,2024-12-13 00:46:02.005862,pending
Matthew Vasquez,johnny00@example.com,Peru,2024-03-04 23:21:01.219710,pending
Jordi Montalbán Frutos,xaviervalero@example.org,Ecuador,2024-04-19 18:09:12.648506,pending
Judith Taboada Amigó,xllano@example.org,Colombia,2025-01-30 16:18:46.847461,inactive
Chelsea Calderon,roberta35@example.com,Peru,2025-05-07 21:14:52.332890,suspended
Caridad Bárcena Herrero,awright@example.org,Bolivia,2025-04-09 05:39:30.857759,suspended
Russell Moore,mcleanmatthew@example.org,Uruguay,2023-12-20 11:15:31.404445,inactive
William Collins,griseldaarco@example.net,Colombia,2024-06-01 12:28:16.390588,pending
Taylor Cooper,katie88@example.com,Ecuador,2024-05-12 01:14:06.040567,inactive
Pía Hoz Iglesia,nholloway@example.net,Mexico,2023-09-12 10:22:41.322862,active
Íngrid Carreño,scottsimmons@example.net,Mexico,2025-03-06 19:57:38.622667,active
Cirino Palacio,grahamangel@example.net,Colombia,2024-08-12 04:45:03.620251,inactive
Ciríaco Montesinos-Roca,michaelwhite@example.org,Chile,2025-07-08 15:07:16.668763,pending
Christopher Lynch,noah59@example.com,Chile,2024-10-02 00:41:02.721316,active
Ryan King,iris60@example.org,Peru,2023-09-17 18:12:12.065997,suspended
Benita Clementina Bayón Izaguirre,calderonmichael@example.com,Colombia,2023-10-23 04:17:40.881500,active
Christopher Villegas,qthomas@example.org,Chile,2023-08-18 04:49:04.433607,inactive
Scott Rhodes,greennicholas@example.com,Chile,2024-07-15 04:15:25.240526,pending
Florentino Catalá Perera,gsolana@example.org,Paraguay,2023-12-11 01:53:10.483100,active
Ruth Hoyos Albero,bustoscarmelita@example.net,Colombia,2024-02-15 13:33:07.055879,pending
Derek Rose,terecardenas@example.org,Peru,2024-02-18 16:02:49.995347,active
Natividad Villegas Hierro,erinbutler@example.org,Uruguay,2024-07-30 14:46:26.836391,inactive
Casemiro Gallego-Larrañaga,pricetimothy@example.net,Argentina,2024-12-09 19:53:03.534659,pending
Alexander Ford,dafne92@example.org,Colombia,2023-10-14 13:26:51.517210,suspended
Andrew Sparks,romatomas@example.com,Paraguay,2024-02-21 12:27:02.730088,active
Gil Bauzà,deantate@example.net,Ecuador,2024-03-15 05:14:40.405508,pending
Tatiana Matas Manrique,carrascocloe@example.net,Paraguay,2024-12-03 03:08:13.252227,pending
Stephen Mack,elizabethpotter@example.com,Colombia,2024-03-07 16:31:21.159184,inactive
Jose Angel Carrillo Cervera,bjohnson@example.com,Mexico,2025-01-19 15:16:43.985371,pending
Chuy Morillo Rodrigo,valenciadavid@example.net,Peru,2025-06-10 18:48:07.280835,suspended
Brunilda Cantero Mas,jamesbuchanan@example.com,Colombia,2023-12-28 18:21:48.101485,active
Catherine Davis,leocadia17@example.org,Colombia,2024-04-18 08:49:16.508084,pending
Mary Malone,montserratolive@example.org,Ecuador,2025-06-05 20:23:20.312257,pending
Danielle Perry,leonardo53@example.org,Mexico,2024-09-28 03:38:19.197640,suspended
Gloria Ugarte Flores,isidoratalavera@example.net,Argentina,2023-10-04 16:02:06.322711,active
Taylor Santos,kjensen@example.com,Colombia,2023-12-23 01:39:14.850223,inactive
Samanta Benavides Luna,tcarbajo@example.org,Chile,2025-07-11 17:53:50.300559,inactive
Cintia Puerta Asensio,castellleon@example.net,Chile,2025-01-11 07:40:59.668275,active
Paul Kaiser,josue25@example.org,Ecuador,2024-10-04 00:22:40.536677,inactive
Benjamin Phillips,michellephillips@example.com,Colombia,2025-04-04 12:44:31.930441,active
Paul Williams,benignovarela@example.com,Uruguay,2024-01-30 13:22:00.607766,inactive
Manu Ferrer Esteve,barino@example.com,Chile,2024-04-09 16:03:23.305453,active
Michael Turner,echan@example.net,Argentina,2024-12-15 23:56:13.579830,suspended
Morgan Lee,espadafidel@example.org,Colombia,2025-02-23 20:09:12.106789,suspended
Tracy Griffith,dayaustin@example.com,Ecuador,2025-02-25 22:12:36.446443,active
Ms. Misty Parsons,fannyesteban@example.com,Argentina,2024-03-13 13:52:15.652712,inactive
Albano Moreno Ramirez,lawsonsandra@example.org,Uruguay,2024-12-15 18:27:25.663277,suspended
Eric Torres,ncoello@example.net,Colombia,2024-05-17 19:44:06.086437,inactive
Olimpia Lobato Sánchez,ofelia56@example.com,Argentina,2024-10-30 01:09:05.492152,suspended
Primitivo Rufino Corbacho Yuste,emilybrown@example.net,Argentina,2024-08-01 14:57:35.670811,active
Jason Velazquez,john55@example.com,Peru,2025-03-30 06:54:00.547321,active
Douglas Taylor,michaelburch@example.com,Colombia,2024-07-18 20:10:42.600117,suspended
Tina Knight,cristianriquelme@example.org,Venezuela,2024-01-16 05:59:27.003820,suspended
Jason Brown,vgonzales@example.net,Peru,2024-06-12 18:31:51.690311,active
Raymond Adams,arthur00@example.com,Ecuador,2024-07-09 11:20:16.169841,active
Matthew Harris,luciareig@example.org,Colombia,2024-07-31 12:49:17.698317,inactive
Valerie Madden,ricelynn@example.com,Uruguay,2023-07-27 17:15:09.267400,suspended
Montserrat Pintor Padilla,marissa48@example.org,Ecuador,2025-05-21 11:33:57.794113,pending
Belen Sanmartín Gálvez,azenethmurcia@example.net,Bolivia,2023-09-05 02:18:42.060357,pending
Eloy Sainz-Benito,crawfordchristian@example.net,Colombia,2024-03-09 07:22:49.999699,suspended
Chus Escobar Acedo,stevenbailey@example.com,Bolivia,2025-02-03 19:10:02.799792,active
Aránzazu Gertrudis Sevilla Ledesma,danielstevens@example.org,Argentina,2024-12-11 23:35:31.058887,suspended
Tina Jackson,kike69@example.com,Argentina,2023-10-18 18:19:10.718585,pending
Jeremías Cuadrado Martinez,carlsonlaura@example.org,Colombia,2025-01-08 12:38:01.502747,pending
Andrea Teresita Quintero Báez,chaparromontserrat@example.org,Bolivia,2024-05-18 15:30:04.762049,pending
Zachary Escobar,emily34@example.net,Venezuela,2025-07-12 14:46:26.621583,inactive
Kyle Cowan,fishermark@example.org,Ecuador,2024-08-11 20:03:06.828265,pending
James Bartlett,ilillo@example.com,Colombia,2025-07-04 06:09:33.539838,inactive
Celestina Expósito-Arnaiz,cosmecordero@example.net,Paraguay,2024-07-15 13:50:53.226754,pending
Yéssica Fonseca Sobrino,benigno68@example.net,Bolivia,2023-12-23 00:19:22.351044,inactive
Catalina de Manuel,scottrodriguez@example.org,Ecuador,2024-10-12 10:56:59.951294,pending
Marissa Brown,ashleyhorn@example.net,Colombia,2024-02-11 16:11:24.139916,pending
Nazario Cánovas Briones,ovizcaino@example.com,Mexico,2024-01-28 09:31:13.210374,pending
Nazario Eleuterio Bas Cuesta,thomas53@example.org,Peru,2024-03-16 09:01:26.039015,suspended
Germán Galindo,saludvaquero@example.com,Peru,2024-04-20 08:21:19.616563,inactive
Angela Johns,melissacooley@example.net,Colombia,2024-04-10 23:34:23.772203,active
Debra Ruiz,ysalas@example.net,Uruguay,2024-09-07 04:08:46.110154,inactive
Leire Pi Calvet,shawn54@example.com,Peru,2024-04-08 02:56:49.390936,pending
Rufina Castejón,robertszachary@example.net,Venezuela,2025-07-08 11:45:02.910087,suspended
Justin Perez,hector39@example.net,Colombia,2024-03-04 11:47:38.181249,suspended
Galo Peralta Padilla,juan-carloscases@example.com,Ecuador,2024-02-04 15:36:47.824812,suspended
Kimberly Mcintyre,steven27@example.com,Paraguay,2024-04-06 06:49:02.848791,active
Toño Mesa,martingracia@example.net,Argentina,2023-09-13 07:06:39.870527,active
Aaron Edwards,quiroganoe@example.org,Colombia,2024-08-19 07:19:50.810682,suspended
Liliana Bastida Acuña,vazquezreyes@example.net,Paraguay,2024-09-22 16:40:19.223802,pending
Ovidio Pera Luna,fgomez@example.net,Peru,2025-07-09 03:42:14.088596,suspended
Soraya Ramírez Alarcón,brewermelissa@example.org,Ecuador,2024-12-18 04:47:03.264651,inactive
Carlito Guillén Mateos,rstein@example.com,Colombia,2024-12-19 21:37:22.048763,pending
Traci Cox,emperatrizbarcena@example.org,Venezuela,2023-11-07 12:13:18.649840,inactive
Rebecca Martin,timothyhood@example.com,Peru,2023-07-21 07:17:48.749656,suspended
Claudia Vidal Moles,jcharles@example.net,Paraguay,2024-06-22 14:30:36.150120,pending
Lauren Haney,diazbenigna@example.org,Colombia,2023-08-17 14:53:38.098497,pending
Caridad Olivia Piquer Abril,cheryloliver@example.net,Uruguay,2025-05-14 04:07:45.215184,suspended
John Hensley,carlitobenito@example.com,Mexico,2024-03-29 06:25:11.199124,active
Nilda de Méndez,pamelabennett@example.com,Bolivia,2025-06-15 02:06:47.928793,active
Douglas Wagner,floraranzazu@example.org,Colombia,2023-12-22 07:54:23.973028,active
Ryan King,vdennis@example.net,Paraguay,2025-06-03 17:44:40.900676,pending
Richard Clark,upina@example.org,Uruguay,2024-11-22 23:34:00.585452,active
Camilo Hernandez,ana89@example.com,Peru,2025-07-10 07:56:04.210607,pending
Victoria Hunt,santiagocynthia@example.com,Colombia,2024-11-05 06:34:59.349674,inactive
Raymond Owens,humphreyrandy@example.org,Chile,2024-05-02 19:17:09.065062,pending
Marcelo Robles Maldonado,sevillanoevaristo@example.org,Argentina,2024-04-13 14:51:20.160154,inactive
Shane Allen,david18@example.net,Paraguay,2024-03-20 13:43:36.560327,inactive
Phyllis Ho,celiamiralles@example.com,Colombia,2023-10-03 15:38:03.772476,active
Douglas Williams,hernandezcassandra@example.net,Mexico,2025-06-02 04:23:01.897288,active
Claudia Cunningham,ylivingston@example.com,Venezuela,2024-06-21 20:31:57.159770,active
Ester Solsona Gomila,daviddouglas@example.org,Chile,2024-11-02 21:42:10.183387,active
Samuel Boyd,salaslinda@example.org,Colombia,2025-01-13 12:20:44.633723,suspended
Rosalía Espejo Abad,kpacheco@example.com,Peru,2023-11-25 22:27:03.843376,active
Encarnación Merche Alberto Ibáñez,probledo@example.org,Argentina,2023-09-26 07:07:05.374407,suspended
Christopher Wilson,rachellewis@example.org,Ecuador,2024-03-26 15:44:25.092056,pending
Teresita Villalba Antón,chamorroingrid@example.net,Colombia,2024-05-16 07:46:31.750558,pending
María Belén del Abascal,annaalvarez@example.com,Chile,2023-08-09 11:34:13.238963,pending
Salvador Ibañez López,yacosta@example.org,Mexico,2025-05-26 15:01:32.282954,inactive
Roberta Grande Sáenz,edgardo98@example.net,Chile,2023-09-20 17:17:10.493940,suspended
Tonya Wiley,luisa45@example.org,Colombia,2023-09-08 00:51:30.260850,inactive
Justin Reyes,katherinehughes@example.com,Argentina,2024-05-04 23:31:31.281192,inactive
Zoraida Herranz,jose23@example.com,Venezuela,2025-06-16 09:58:46.120466,inactive
Mark Gibson,reyesvall@example.org,Mexico,2024-08-01 18:46:22.531759,inactive
Eva María Perera Ayllón,jrogers@example.org,Colombia,2023-11-28 12:35:23.090880,active
Benigno Pou-Santamaria,christina60@example.com,Mexico,2025-03-02 08:07:21.568874,pending
Emiliana Álvaro Alcolea,vbarrera@example.org,Ecuador,2023-09-23 12:13:53.159560,inactive
Anabel Viana,melania98@example.com,Paraguay,2023-12-27 01:13:50.363354,active
Segismundo Arjona Soto,brianprince@example.com,Colombia,2024-07-25 04:25:16.645776,active
Collin Brown,gilmorejeffrey@example.com,Paraguay,2023-10-08 02:53:25.803410,pending
Maria Davidson,tsanford@example.net,Argentina,2025-05-31 08:18:53.098979,inactive
Tracy Lester,hayspatricia@example.org,Bolivia,2024-01-27 08:05:40.879179,active
Isabela Vall Trujillo,thomas53@example.net,Colombia,2024-06-24 19:00:16.536714,pending
Hilario Vigil Roselló,kevin15@example.org,Colombia,2025-06-17 14:12:57.130665,suspended
Lindsey Oneal DVM,pcarreras@example.com,Chile,2024-10-24 13:50:52.368216,pending
Natalia Ferrándiz-Baena,bhaynes@example.com,Uruguay,2024-04-02 05:42:32.646955,inactive
Lisa Stewart,valenzuelapio@example.com,Colombia,2024-08-19 20:38:34.433057,active
Feliciano del Pedrero,ignaciogirona@example.org,Mexico,2025-04-08 19:21:25.861792,pending
Amanda Harris,toni25@example.com,Paraguay,2023-08-25 06:16:41.813619,active
Susanita Zaira Guijarro Llorens,irogers@example.net,Venezuela,2024-01-13 17:02:50.538089,inactive
Sarah Woods,alcidesgarzon@example.org,Colombia,2023-12-16 12:47:06.242635,suspended
Noa Codina Narváez,ovidioocana@example.com,Colombia,2024-12-20 18:34:35.013358,pending
Aníbal Arco Camacho,clairehensley@example.org,Colombia,2024-08-18 19:56:13.990263,inactive
Jonathan Riley,marcoangelita@example.com,Colombia,2024-12-23 17:01:36.910218,pending
Edward Andrews,porterrobert@example.net,Colombia,2023-12-19 01:45:58.391919,pending
Dani Roig Nogués,guillermorey@example.net,Argentina,2025-06-13 22:34:45.517542,inactive
Julio Salamanca Herranz,ewilson@example.com,Venezuela,2024-05-23 20:56:47.543082,suspended
Robert Campos,devin40@example.com,Argentina,2023-11-01 17:32:17.036349,active
Nicole Hall,pelayo97@example.com,Colombia,2024-10-08 09:30:44.454962,suspended
Caitlin Blanchard,deanmichael@example.com,Venezuela,2023-08-20 18:47:58.073697,pending
Jacinta Cerezo,nunezleon@example.com,Peru,2025-03-02 08:41:04.489696,suspended
Nancy Clark,vkerr@example.net,Bolivia,2025-01-16 17:10:56.177601,inactive
Esteban Figueroa Sotelo,larreacloe@example.com,Colombia,2024-12-10 00:15:06.514776,inactive
James Elliott,beth30@example.com,Uruguay,2024-02-26 23:42:27.980041,active
Maria Oconnor,haydeesancho@example.net,Argentina,2023-08-25 22:51:33.002019,inactive
Jessica Hawkins,ccal@example.net,Bolivia,2025-04-01 21:39:49.799058,inactive
Carolina Moya Cuesta,bellscott@example.com,Colombia,2025-04-26 01:48:10.625270,pending
Frederick Brady,trilloreina@example.org,Chile,2025-02-22 09:02:35.063468,pending
Steven Anderson,qcook@example.com,Colombia,2025-04-08 09:39:47.293868,suspended
Lisa Turner,zdaugherty@example.com,Chile,2023-11-26 10:54:01.898045,suspended
Juan Francisco Silva-Rios,scott31@example.com,Colombia,2024-04-14 19:15:07.642608,active
Rosario Navarro Gárate,michaelmeyers@example.com,Venezuela,2024-07-03 06:46:01.651706,inactive
Joel Burns,ikelly@example.com,Colombia,2023-12-17 04:22:11.537004,inactive
Alicia Tena Valverde,cuestaanabel@example.org,Uruguay,2023-12-27 13:11:08.555420,suspended
Silvestre Gisbert Pedrero,lmontgomery@example.net,Colombia,2025-01-14 17:16:03.295414,pending
Lindsey Black,tbarajas@example.org,Colombia,2024-03-25 22:53:45.457336,active
Anita Goicoechea-Belmonte,emilianaamat@example.org,Peru,2023-10-21 07:52:59.557503,pending
Tom Dillon,ezequiel90@example.net,Chile,2024-04-16 23:45:34.792128,active
Denise Pacheco,jose-miguel28@example.net,Colombia,2023-08-23 07:21:42.740589,active
Cirino Campoy Gras,tonymartin@example.com,Ecuador,2024-06-16 20:43:23.012902,suspended
Casandra Sanabria Arranz,lcespedes@example.org,Chile,2024-11-11 08:17:44.617812,inactive
Denise Brown,stephanie43@example.net,Peru,2024-05-16 04:10:34.002059,suspended
Jacob Johnston,claudia21@example.net,Colombia,2023-10-04 02:41:35.331289,active
Flavio Becerra Yuste,ashley38@example.org,Bolivia,2024-04-12 04:43:17.012451,active
Emelina Melero Acosta,osalinas@example.net,Venezuela,2025-05-21 21:24:38.167242,inactive
Anunciación Espada Vilaplana,qchristensen@example.net,Uruguay,2024-12-09 04:46:12.454119,inactive
Jessica Evans,katiewalker@example.org,Colombia,2023-10-21 19:55:46.392167,pending
Nancy Padilla,castejoneufemia@example.com,Chile,2024-09-05 15:12:23.040975,inactive
Genoveva de Acedo,ufranco@example.org,Bolivia,2024-10-31 01:31:48.319031,suspended
Miguel Ángel Delgado Galan,martinafabregat@example.com,Mexico,2024-11-29 08:21:07.680334,inactive
Valero del Manso,guiomarcabello@example.com,Colombia,2025-03-06 11:39:29.291358,inactive
Alice Gonzales,yessicabenavides@example.com,Argentina,2023-09-08 16:19:16.416625,active
Abel Hurtado-Macías,felixcarranza@example.org,Argentina,2024-08-18 03:58:53.688469,pending
Dylan Acosta,paezduilio@example.net,Venezuela,2024-09-07 16:50:47.321565,pending
Yago Pizarro Ropero,andres-felipepedro@example.com,Colombia,2024-03-14 11:10:48.514999,active
Charo Hortensia Carrión Guardia,dylan32@example.org,Uruguay,2024-12-27 02:23:26.301956,active
Jorge de Galván,pfiol@example.org,Bolivia,2023-10-15 15:04:45.851289,inactive
Baldomero Daza-Villanueva,millerglen@example.com,Chile,2024-10-18 23:49:51.358659,suspended
Brittany Lopez,dionisiooliver@example.net,Colombia,2024-04-05 12:16:00.599468,suspended
Chita Ayala Oliver,beatriz20@example.net,Paraguay,2024-12-20 06:45:37.163036,inactive
Alma Mascaró,feijoomaxi@example.com,Argentina,2024-09-10 09:07:11.699408,pending
Cesar Pintor Blanch,lconner@example.org,Mexico,2024-08-26 05:35:55.015371,pending
Mallory Elliott,trinidad55@example.net,Colombia,2023-12-07 03:21:46.805401,suspended
María Dolores Ribera,ncarbonell@example.org,Mexico,2023-10-28 20:13:28.211546,inactive
Jason Walton,zsolsona@example.org,Uruguay,2024-04-12 05:44:16.962502,inactive
Simón Agustí Manzanares,cleon@example.net,Colombia,2024-11-12 22:07:30.161819,inactive
Donald Hardin,kleonard@example.com,Colombia,2024-07-20 01:45:50.131669,inactive
Luz Ainara Ramos Guitart,ihuertas@example.org,Paraguay,2025-06-14 08:45:58.305988,inactive
Joseph Durham,rbarnes@example.org,Bolivia,2024-08-21 00:47:45.190718,inactive
Leonardo de Baeza,jenkinszachary@example.org,Peru,2024-06-18 20:19:25.308459,suspended
Tyler Montes,brandonolsen@example.com,Colombia,2024-02-04 20:05:30.354108,suspended
Cristian Medina-Juliá,richard81@example.net,Mexico,2024-05-30 04:32:41.035526,pending
Atilio Ferrández,colekristin@example.net,Paraguay,2023-08-28 03:22:33.991276,inactive
Marissa Gilbert,atirado@example.net,Venezuela,2025-02-20 12:24:24.107208,inactive
Amy Matthews,francisco-javieriniesta@example.org,Colombia,2024-07-11 16:09:41.962805,pending
Inés del Meléndez,harriserica@example.org,Colombia,2025-03-31 14:32:31.425702,suspended
Michelle Kane,rodney97@example.org,Colombia,2024-02-13 12:40:15.616998,inactive
Dimas Juliá Zapata,afloyd@example.com,Ecuador,2024-08-14 14:33:36.514109,suspended
Febe Leiva Franco,shannongordon@example.org,Colombia,2024-02-22 17:47:25.791168,inactive
Natalia Acosta Herrero,cgonzalez@example.org,Ecuador,2024-09-29 08:28:43.130256,suspended
Amor Benito Jordán,seguipatricia@example.net,Ecuador,2025-04-30 08:00:13.520352,inactive
Aránzazu Pavón Sanchez,moranjulio-cesar@example.org,Ecuador,2024-08-04 21:10:03.429717,active
Marisol Mancebo Boix,emily09@example.org,Colombia,2025-03-11 02:29:28.197259,pending
Kevin Mcdonald,xolivera@example.net,Paraguay,2024-02-22 15:58:10.979563,suspended
Jordán Campo Bonet,simmonskristi@example.com,Ecuador,2025-06-08 02:05:36.221990,active
Alma Salvador,joel57@example.net,Ecuador,2025-04-13 05:14:19.008110,pending
Kenneth Yang,saguirre@example.com,Colombia,2025-05-25 11:14:55.347397,pending
Dulce Belda Valls,tonimonreal@example.net,Paraguay,2023-10-07 11:19:58.807024,active
Mr. Kevin Rivera,juan-manuelherrera@example.com,Argentina,2024-07-20 01:35:29.727425,pending
Kristen Weber,justin76@example.org,Peru,2024-11-14 06:46:38.646591,inactive
Felipa Menéndez Doménech,simon24@example.com,Colombia,2024-12-22 20:02:16.712867,suspended
Mamen Rosa Benito,carolynpalmer@example.net,Uruguay,2025-03-11 12:09:15.166467,active
Kevin Michael,ariel33@example.com,Paraguay,2025-06-10 05:13:03.920568,active
Berto López Diaz,nunezcustodia@example.com,Venezuela,2023-09-04 01:34:29.845288,suspended
Shawn Webb,nandoblanes@example.com,Colombia,2024-08-07 22:51:27.674476,active
Cindy Clark,owright@example.org,Peru,2025-01-03 12:22:32.546429,active
Julia Jones,lprince@example.net,Ecuador,2024-04-21 11:57:04.955841,inactive
Jose Carlos Múñiz Mulet,lpastor@example.com,Argentina,2023-08-06 08:29:09.198378,suspended
Justin Harris,nnicolas@example.org,Colombia,2024-10-13 02:40:49.157565,inactive
John Hughes,davidzamora@example.org,Chile,2025-05-02 12:50:43.431772,pending
Michael Hammond,austinmegan@example.com,Colombia,2024-03-16 03:38:38.712939,active
Amado Toledo Granados,moratatelmo@example.net,Ecuador,2023-07-25 23:47:01.826476,active
Troy Maldonado,yvette30@example.com,Colombia,2025-03-13 14:03:31.509207,suspended
Agustina Ocaña,frederick46@example.org,Chile,2024-09-04 08:35:55.030024,inactive
Amber Montoya,ojedamaria@example.com,Chile,2024-12-10 13:29:11.676618,suspended
César Peinado Sáenz,thompsonderek@example.com,Ecuador,2024-06-03 11:49:20.832504,suspended
Marcelino Lamas,sydneymorgan@example.net,Colombia,2025-05-02 03:05:18.386854,pending
Basilio Arco Cueto,bcarreno@example.org,Mexico,2023-08-17 06:28:23.077728,inactive
Eustaquio Collado Azorin,albino98@example.com,Uruguay,2023-09-23 16:46:24.466219,active
Karen Morgan,eladio32@example.com,Bolivia,2025-05-16 13:40:05.677462,active
Manu de Mármol,odiaz@example.org,Colombia,2024-08-21 23:00:09.176072,inactive
Moisés González Requena,carballoalejandro@example.com,Mexico,2023-12-07 20:00:36.157396,inactive
Joseph Williams,fpalau@example.net,Paraguay,2023-08-23 16:58:57.912056,inactive
Misty Smith,walterjohn@example.net,Bolivia,2024-05-10 17:11:12.225513,inactive
Herminia Torralba Blanch,cirino08@example.com,Colombia,2025-01-11 03:39:45.360586,pending
Georgina Arnal-Rodríguez,janetbauer@example.org,Ecuador,2024-08-28 01:21:27.571697,pending
Bradley Gutierrez,vargaskevin@example.net,Mexico,2024-06-27 08:47:39.074873,pending
Sergio Rivero Uría,tyork@example.net,Venezuela,2024-09-19 13:54:06.539274,suspended
Gastón Salvador,rosaviviana@example.com,Colombia,2025-01-17 01:16:07.996135,inactive
Leonor Torrent-Nieto,smithjennifer@example.org,Venezuela,2023-12-26 04:53:32.969003,active
Leonardo Leiva Baena,melissamay@example.net,Colombia,2024-05-03 06:03:22.928131,inactive
Vidal Bernad,patienza@example.com,Colombia,2025-06-18 09:57:27.712649,pending
Lorenzo Ropero Casals,catalina35@example.com,Colombia,2025-04-17 04:43:46.554157,pending
Apolinar Pinilla,gilabertangelina@example.net,Mexico,2023-09-10 01:02:04.360919,inactive
Jennifer King,tiffany93@example.com,Venezuela,2024-03-03 01:27:32.245930,suspended
Alex Green,isabelaariza@example.com,Colombia,2023-10-09 12:08:03.911816,inactive
Lino Castellanos Villena,draya@example.com,Colombia,2024-12-18 10:21:32.657104,inactive
Rachael Stevenson,tgargallo@example.net,Venezuela,2024-09-17 23:47:43.107495,inactive
Flor Amigó Pacheco,lisa91@example.net,Mexico,2025-07-04 06:32:12.942815,inactive
Derrick Thornton,qshaw@example.com,Uruguay,2023-12-22 02:16:36.212914,active
Leoncio Bernal Costa,esmith@example.com,Colombia,2024-04-14 22:19:37.775407,suspended
Jacqueline Reed,peterwhitney@example.org,Paraguay,2024-03-25 01:44:59.544693,active
Jacinto Álamo Ferrando,graciela78@example.org,Ecuador,2023-10-07 18:05:58.772740,suspended
Micheal Morris,bruce83@example.org,Paraguay,2024-10-01 18:21:02.879257,active
José Luis de Machado,salud59@example.com,Colombia,2024-08-20 02:46:13.458173,inactive
Michael Perkins,donald68@example.com,Bolivia,2024-02-23 13:22:12.390373,inactive
Kendra Bell,lvillar@example.com,Uruguay,2023-11-05 07:27:16.430704,inactive
Donald Hatfield,palomomonica@example.org,Uruguay,2025-06-25 00:31:24.214945,inactive
Christine Santana,rebecca93@example.net,Colombia,2024-12-13 22:49:10.171781,inactive
Augusto Alemany,zbelda@example.com,Uruguay,2025-05-25 23:59:48.366947,active
Lorena Llopis Vicens,esmeralda36@example.net,Mexico,2023-11-27 07:50:28.613013,inactive
Pamela Francis,howard50@example.org,Paraguay,2024-08-27 04:35:35.324463,inactive
Yéssica Molina-Sastre,perlita38@example.net,Colombia,2024-04-18 19:20:20.167057,inactive
Paca Vilanova Bernat,jesse46@example.org,Chile,2024-10-09 06:47:59.526206,active
Benjamin Carter,kristin47@example.org,Bolivia,2024-08-07 13:12:02.866260,suspended
Juliana Cabanillas,taylorlarry@example.net,Colombia,2023-10-04 13:57:51.530271,inactive
Lucas Díez Rosales,saundersjennifer@example.com,Colombia,2024-03-08 23:22:16.868084,suspended
Cecilia del Samper,nilda69@example.com,Paraguay,2023-12-16 19:03:25.218197,active
Apolinar Rius Morán,loripham@example.org,Ecuador,2024-05-27 23:25:14.489493,active
Aarón Heliodoro Blanco Ríos,erin98@example.net,Ecuador,2024-04-17 01:51:50.986154,pending
Ramón Hierro Bas,respejo@example.com,Colombia,2023-08-05 19:45:49.499558,suspended
Angela Jones,kike14@example.com,Venezuela,2023-08-08 22:12:54.182869,pending
Florencio de Méndez,azconamalena@example.org,Uruguay,2024-04-05 11:59:23.902368,pending
Hortensia Barceló Roura,robin31@example.org,Uruguay,2024-10-18 01:32:01.780780,suspended
Wálter Cabello-Cabello,nmeyers@example.net,Colombia,2025-06-21 05:28:06.842291,inactive
Dorita Barrios,qmarquez@example.net,Chile,2023-12-14 17:34:42.980665,active
Leslie Robinson,paranda@example.net,Ecuador,2024-12-27 06:05:45.028218,inactive
Eva María Ojeda Ripoll,valerodonato@example.net,Paraguay,2024-05-24 14:05:29.341456,pending
Luís Maldonado González,johnsondaniel@example.org,Colombia,2025-04-15 03:15:00.836253,active
Kari Roth,judithcabanas@example.net,Bolivia,2024-06-02 19:58:43.947029,inactive
Robert Paul,leonciorosello@example.org,Peru,2024-03-02 02:13:39.710084,inactive
Tere Macías Prada,vergaradominga@example.net,Mexico,2023-09-15 21:05:48.361768,inactive
Sebastian Rivero Casas,hlanda@example.org,Colombia,2023-07-23 10:34:53.693241,pending
Amy Barnett,utorres@example.net,Ecuador,2025-05-02 00:12:55.459552,active
Seve Reig Verdugo,christopher09@example.net,Mexico,2024-01-21 22:42:35.970725,active
Mauricio de Amaya,noemipalma@example.com,Ecuador,2025-01-07 22:10:05.809098,pending
Laura Garza,danieltanner@example.org,Colombia,2025-05-03 06:53:03.465589,pending
Máximo Ballester Linares,lawsonmatthew@example.net,Colombia,2023-12-10 20:40:24.476360,inactive
Lara Campos Mur,jose-antoniocasado@example.com,Venezuela,2025-05-22 10:27:51.580912,pending
Rosalina Clavero Priego,brittanywhite@example.org,Argentina,2023-10-01 02:31:43.183824,inactive
Kelsey Mahoney,cintia12@example.net,Colombia,2025-01-23 10:40:57.884017,pending
Leonor Anglada Mayo,mamenparra@example.net,Ecuador,2024-04-03 03:53:22.802556,pending
Nidia Chamorro Carranza,omar97@example.net,Mexico,2024-03-07 10:08:18.979990,pending
Elvira Puig Batalla,denise05@example.org,Argentina,2025-02-26 06:40:59.177457,active
Sydney Richardson,robertgreen@example.net,Colombia,2023-10-10 06:12:55.013774,suspended
Otilia Morales Canales,rgargallo@example.com,Argentina,2025-05-28 15:49:45.359816,inactive
Alberto Mayo,rachel05@example.net,Paraguay,2024-08-25 13:11:26.916577,suspended
Miriam Correa Pavón,rinconfernanda@example.com,Paraguay,2024-06-13 23:57:42.574464,inactive
Joaquina Ávila Rosell,ricky03@example.com,Colombia,2025-04-20 19:37:54.526004,active
Molly Riley,pcorbacho@example.org,Chile,2025-06-08 20:14:50.856932,suspended
Jordan Rojas,gilbertoterron@example.net,Argentina,2023-08-05 03:13:29.324607,inactive
Angela Carpenter,sarah78@example.net,Chile,2025-04-15 07:49:06.272170,pending
Felicia Ortiz,rebecca16@example.org,Colombia,2023-12-21 13:06:21.986783,active
Jeff Brown,lauren71@example.org,Ecuador,2023-10-21 22:14:01.609170,inactive
Anthony Davis,trujillojustin@example.org,Chile,2024-05-09 12:28:05.113014,suspended
Michael Fuller,wpalomino@example.com,Venezuela,2024-04-08 23:07:17.365730,suspended
Tomasa Anguita Teruel,becerraignacia@example.org,Colombia,2023-07-20 17:43:03.578911,inactive
Andre Russell,tizaguirre@example.com,Venezuela,2023-11-18 22:02:30.394867,inactive
Matthew Hughes,pepe44@example.com,Paraguay,2024-01-03 10:58:34.867033,inactive
Aura Gómez Padilla,jennifer63@example.net,Chile,2024-06-06 05:53:50.899092,pending
Paulino Rosell Amor,valerarita@example.net,Colombia,2023-10-22 06:16:16.565017,active
Dora Saldaña Collado,keithjames@example.net,Uruguay,2024-12-31 07:09:06.068177,active
Nicole Cruz,brockaaron@example.net,Venezuela,2025-04-03 03:18:15.745301,suspended
Pepito Losada Nogueira,castanedamichael@example.com,Paraguay,2024-06-23 20:27:16.092472,active
Nicodemo Leon-Herrero,bonifacioroma@example.org,Colombia,2025-03-20 17:09:59.524112,inactive
Angelina Gimeno Zamorano,zjacobs@example.net,Ecuador,2024-04-24 18:09:43.200634,active
Kathryn Bishop,scottedwards@example.net,Mexico,2024-08-10 05:59:52.876553,inactive
Amelia de Beltran,reedheather@example.com,Venezuela,2025-01-26 11:00:53.370145,active
Alan Lewis,emilianoguillen@example.com,Colombia,2025-01-19 15:34:38.231087,suspended
Donna Nelson,elpidioarcos@example.org,Paraguay,2024-07-19 04:03:29.074935,pending
Angela Proctor,youngallison@example.com,Mexico,2025-06-03 18:00:42.008262,pending
Terry Madden,elizabeth23@example.net,Mexico,2023-11-16 17:03:05.174896,pending
Sosimo Carbonell Pablo,davidanthony@example.com,Colombia,2024-09-27 21:13:46.362591,active
Ricarda Angulo Villa,scottmoreno@example.net,Ecuador,2023-08-08 09:08:22.071114,suspended
Moreno Pomares Daza,ricocampo@example.net,Colombia,2024-01-11 06:24:52.798287,inactive
Johnathan Lara,richard49@example.com,Ecuador,2024-05-25 01:52:28.897248,pending
Erica Watson,wardtina@example.com,Colombia,2024-07-06 08:51:41.711142,inactive
Eutropio Quintero,dylanbarton@example.net,Chile,2023-07-25 07:57:00.793548,active
José Luis Rocha Márquez,ufuertes@example.org,Argentina,2024-02-08 05:20:31.422995,suspended
Joseph Miller,megan76@example.com,Mexico,2025-05-07 05:23:33.869323,pending
Sarah Roth,alicia21@example.com,Colombia,2024-11-08 19:33:40.487038,suspended
Roger Foster,zluz@example.org,Venezuela,2023-08-28 14:51:41.966763,inactive
Jonathan Wilson,virginiabenson@example.net,Colombia,2023-12-27 23:28:30.098709,inactive
Zoe Caldwell,holtmargaret@example.org,Argentina,2025-05-11 21:57:23.992622,active
Allen Fields,dianacanals@example.org,Colombia,2025-07-13 10:48:36.532200,pending
Pastor Pinedo-Castillo,yzavala@example.net,Chile,2023-12-28 17:18:51.104712,pending
Susan Waters,milagros46@example.com,Mexico,2023-11-27 09:04:33.775384,suspended
Heriberto Quiroga Catalán,baldomeroroma@example.com,Colombia,2024-11-17 23:47:14.911419,inactive
Danielle Lawson,malorafael@example.net,Colombia,2023-10-11 10:54:16.567446,active
Micaela Manzano Camacho,vilmavillar@example.com,Colombia,2023-09-15 03:25:07.151711,active
Iván del Crespi,samantamarques@example.com,Argentina,2024-05-10 16:03:05.562456,active
Eloy Llabrés-Carvajal,mblake@example.com,Chile,2025-02-14 09:24:16.591903,inactive
Carla Dillon DDS,dieguezfausto@example.org,Colombia,2024-04-06 05:21:16.678002,active
Bruno Agudo,brett82@example.com,Colombia,2025-02-24 09:13:58.255086,pending
Michael Roberts,sydney12@example.net,Mexico,2024-05-08 12:22:48.435080,active
Rebecca Nichols,kbautista@example.com,Venezuela,2024-08-25 09:13:21.810534,pending
Pánfilo Saura Sanmartín,samanthapatrick@example.com,Colombia,2024-11-21 22:05:33.442429,active
John Abbott,nydiapaniagua@example.net,Venezuela,2023-10-29 11:54:07.840539,suspended
Joseph Morrow DDS,amberzamora@example.org,Uruguay,2024-06-14 08:31:51.092058,pending
Lisa Torres,richardwhitehead@example.org,Mexico,2024-08-17 15:41:32.606600,inactive
Tammy Roberts,dmarques@example.org,Colombia,2023-11-30 18:45:08.004971,active
Saturnino Orozco-Quero,gracianacarrera@example.net,Mexico,2024-03-04 12:29:42.864059,inactive
Michael Bray,claudiaposada@example.org,Mexico,2024-10-03 00:39:03.722462,active
Angelino Llobet Viña,noaconde@example.com,Ecuador,2024-06-26 14:02:45.179710,suspended
Trinidad Vilanova Huerta,trilloraquel@example.org,Colombia,2023-08-08 01:01:12.255277,pending
Ashley Jordan,gomilalorenza@example.net,Chile,2025-01-23 03:40:19.122091,inactive
Erica Bell,zaguilera@example.net,Paraguay,2024-09-05 08:03:04.154191,active
Isaura Puga Bermejo,trinidad82@example.net,Paraguay,2025-05-27 16:26:34.433116,inactive
Hector Gálvez,alex50@example.org,Colombia,2024-02-10 05:48:01.670712,inactive
Michael Hutchinson,millamarcos@example.org,Peru,2023-11-11 22:11:47.931133,inactive
Ruy Sebastián Urrutia,alexanderoconnell@example.net,Peru,2024-09-17 15:09:54.620655,pending
Whitney Murphy,usanchez@example.net,Argentina,2024-09-05 09:55:01.208858,active
Norberto Huerta-Benavente,holly02@example.net,Colombia,2023-11-24 19:08:28.957743,suspended
Lidia Sandoval Mur,pintorpriscila@example.org,Venezuela,2025-06-10 23:00:33.509050,active
Azahara Torrens,saundersrussell@example.org,Argentina,2023-08-24 12:04:10.499979,active
Benigna Sáenz Bonilla,anita65@example.com,Venezuela,2024-07-10 06:49:11.868656,active
Flavio Jose Ramón Luna Chaves,colomdelfina@example.org,Colombia,2024-11-03 18:53:46.976077,active
Reynaldo Posada,htucker@example.org,Chile,2023-12-01 22:32:58.124156,active
Valentina Núñez,gasconaaron@example.net,Colombia,2023-12-08 07:04:03.365693,active
Nidia Galvez Pedrosa,derekbell@example.net,Ecuador,2023-09-08 16:37:19.475923,active
Kelly Rice,guiomar61@example.com,Colombia,2025-04-30 08:58:13.940740,inactive
Catherine White,jonathan61@example.net,Bolivia,2024-07-01 09:26:29.616096,inactive
Mamen Baños Ojeda,dayjohn@example.org,Ecuador,2024-01-25 11:44:55.887518,suspended
Paula Castejón Viña,heathercarter@example.org,Peru,2025-03-07 19:12:31.359974,active
Maite Sola Palomino,angelina84@example.net,Colombia,2023-10-23 23:22:34.987004,active
Melissa Walsh,monicamanrique@example.com,Bolivia,2023-10-28 23:02:19.200522,active
Roldán de Múñiz,alondradominguez@example.net,Mexico,2023-12-07 23:58:10.455837,inactive
Sarah Reid,walshmathew@example.net,Mexico,2024-02-04 14:35:46.465574,active
Cathy Ritter,valeriasalgado@example.net,Colombia,2025-06-29 02:02:09.737430,inactive
Michelle Chapman,amandabell@example.net,Argentina,2024-02-26 13:59:23.858104,suspended
Breanna Lucas,ashleyleonard@example.net,Chile,2024-01-13 12:29:41.596830,suspended
Loida Salomé Sastre Conde,pbermudez@example.net,Mexico,2024-11-04 22:00:55.535890,pending
Andrés Sevilla-Catalán,galler@example.com,Colombia,2024-02-13 23:40:39.495573,suspended
Leroy Hayes,gvega@example.net,Ecuador,2025-05-04 09:26:18.646291,pending
Anthony Ray,xariza@example.org,Ecuador,2023-09-22 07:18:40.552662,active
Natalie Pena,bernardaterron@example.org,Peru,2024-05-02 01:47:03.871225,active
Brent Tanner,virgiliojuan@example.com,Colombia,2023-08-28 19:56:20.585729,suspended
Michael Kaiser,jacoblawson@example.com,Ecuador,2023-12-07 22:42:27.870688,active
Rosalina Vendrell Varela,carol84@example.org,Chile,2024-03-15 01:57:19.271798,pending
Paula Knox,vosuna@example.org,Ecuador,2024-01-19 08:04:09.743523,inactive
Elba de Collado,kevinyang@example.net,Colombia,2023-09-16 10:15:26.164603,suspended
Michelle Kelly,sarahtucker@example.net,Mexico,2025-06-03 22:10:12.413442,pending
Águeda Garcés,mjones@example.net,Venezuela,2024-06-18 10:26:21.962618,pending
John Robinson,derek40@example.com,Colombia,2024-04-12 14:10:29.640701,suspended
Mr. Edgar Larson III,obduliasotelo@example.com,Colombia,2024-09-15 03:00:13.555337,suspended
Ashley Robinson,reinaemiliano@example.org,Mexico,2025-03-05 03:10:02.413918,pending
Adelardo Raya,agata14@example.com,Peru,2024-05-05 01:54:54.084682,pending
Taylor Villegas,robinsmith@example.org,Peru,2025-01-20 14:06:47.623633,active
Erin Parker,vwalter@example.com,Colombia,2024-06-18 06:16:55.598126,suspended
Curro Bautista Rivas,hillbryan@example.net,Venezuela,2025-03-19 06:26:53.442319,active
Darren York,juanitaquintanilla@example.org,Paraguay,2024-06-22 07:01:00.374413,active
Gregory Alexander,lisajones@example.com,Peru,2024-11-11 15:13:44.514627,pending
Zachary Hughes,espiridionbarrera@example.net,Colombia,2023-09-25 22:07:00.236864,inactive
Nieves Escolano Roca,andrewwilliams@example.net,Chile,2024-08-24 01:44:53.487949,inactive
Andre Simpson,robert84@example.net,Chile,2024-04-10 15:32:36.775737,pending
Katrina Shepherd,eugenia95@example.org,Venezuela,2025-06-13 18:06:28.783255,inactive
Victoria Burch,frank57@example.net,Colombia,2024-01-12 23:17:51.972240,pending
Shawna Dennis,meyerkyle@example.org,Mexico,2023-12-01 08:09:37.968306,pending
Andrew Herring,mcdanielheather@example.com,Colombia,2023-08-19 17:25:27.802932,suspended
Marcus Boyd,kware@example.com,Peru,2025-06-02 15:13:47.755211,pending
Luna Felisa Saez Toledo,sfoster@example.net,Colombia,2025-04-12 19:26:28.571165,inactive
Loreto Isa Tejero Ramirez,clairemontoya@example.org,Argentina,2023-11-15 04:05:14.794003,pending
Asdrubal Barriga Mayoral,christopherbrown@example.com,Uruguay,2024-04-27 20:49:32.330539,inactive
Beth Harris,dean28@example.net,Mexico,2023-09-17 03:40:21.331593,pending
Sandra Guitart Zabaleta,singletonricardo@example.net,Colombia,2023-09-19 03:24:11.328282,pending
Tony Roberts,heather71@example.org,Chile,2025-05-27 02:35:36.866102,active
Montserrat Barros-Gimeno,vdecker@example.com,Venezuela,2023-07-19 17:49:00.492927,suspended
Luz Trujillo Coloma,douglas66@example.org,Chile,2024-03-23 13:01:54.614363,suspended
Jesus Huynh,zairaelias@example.com,Colombia,2023-11-24 05:13:33.361239,inactive
Gregory Gill,sandrarivera@example.net,Uruguay,2024-11-10 08:11:38.399874,inactive
Jose Manuel Estevez Villalobos,robert25@example.org,Argentina,2024-12-22 12:40:10.495008,inactive
Domitila Cabrero,victorcalzada@example.org,Venezuela,2025-06-27 23:19:17.526546,suspended
Paulino Montes Jordá,cortesclotilde@example.com,Colombia,2024-12-15 09:26:56.128449,inactive
Kimberly Hoffman,benita22@example.net,Peru,2024-04-25 06:43:24.532378,inactive
Cynthia Fuller,alberolaezequiel@example.com,Bolivia,2023-12-24 01:40:59.456446,inactive
Benjamin Schroeder,navarromelchor@example.org,Venezuela,2023-08-02 17:48:27.834651,pending
Ruperto Pizarro Canales,marcelino38@example.org,Colombia,2024-05-09 11:09:46.887537,pending
Joel Oliver-Quiroga,mayollazaro@example.net,Colombia,2024-01-26 10:27:15.870676,suspended
Estrella Navarrete,silvia77@example.com,Venezuela,2024-12-26 19:04:29.999586,inactive
Martín Bonet Prats,vmaestre@example.com,Mexico,2024-12-18 16:52:47.520641,suspended
Carmen Lola Olivera Blázquez,denisegonzalez@example.net,Colombia,2024-07-18 06:40:42.126088,active
Isaac Cecilio Garcés Vera,josephdavis@example.net,Venezuela,2024-02-14 01:20:41.217721,inactive
Megan Ramos,david27@example.org,Paraguay,2024-11-30 19:27:08.110715,inactive
Débora Rocamora Arana,raymondcase@example.net,Argentina,2023-11-04 04:44:50.045342,suspended
Dolores Coll,pedrerotania@example.net,Colombia,2024-01-24 03:35:20.930124,inactive
Debra Brown,florasierra@example.org,Uruguay,2023-11-23 05:06:54.790800,suspended
Benigna Maza Gárate,falconpaula@example.com,Chile,2025-07-02 03:01:38.985870,suspended
Paula Clotilde Barros Bosch,joshua66@example.net,Colombia,2023-11-01 15:25:30.860422,pending
Ashley Smith,heather37@example.net,Colombia,2024-03-08 21:39:55.213079,suspended
Kathy Christian,ryanwebb@example.org,Paraguay,2023-10-14 08:19:38.445496,active
Robert Thomas,kgibson@example.net,Colombia,2023-08-07 00:23:15.039647,active
Teodosio Beltran Roselló,elizabethdean@example.org,Venezuela,2023-12-19 22:17:24.607174,pending
Hannah Shelton,flora00@example.com,Colombia,2024-06-30 14:41:49.152767,inactive
Clotilde de Almagro,feliciano98@example.org,Ecuador,2024-07-08 09:51:26.513629,inactive
Eloy Cruz Mariscal,sweeneykelly@example.net,Paraguay,2024-04-01 17:06:15.647904,suspended
Juan Luis Somoza Cornejo,castejonasdrubal@example.net,Paraguay,2025-03-06 18:21:29.965735,active
Allen Martin,hilladam@example.com,Colombia,2024-06-12 13:14:06.188990,pending
Esmeralda Rosado,walter30@example.org,Venezuela,2023-11-17 15:53:09.178901,pending
Jesse Hawkins,colejames@example.com,Argentina,2023-07-21 07:54:07.116392,inactive
Bill Smith,harperhannah@example.com,Ecuador,2023-11-16 22:24:20.307699,active
Jordi Vicens Marin,gilabertdimas@example.com,Colombia,2023-07-14 21:41:09.476190,suspended
María Luisa Benigna Ródenas Valbuena,ariasfelisa@example.com,Chile,2024-01-09 11:16:12.192075,active
Theresa Lewis,mirtatorrents@example.net,Argentina,2024-09-15 00:38:16.180970,inactive
Guiomar Martí,angela78@example.com,Bolivia,2023-11-04 19:24:12.951770,suspended
Paulina Corominas Varela,omartinez@example.com,Colombia,2023-08-26 18:53:21.340057,inactive
Hipólito Merino-Campo,mohamed57@example.com,Argentina,2025-03-07 16:25:45.874066,suspended
Custodio Tamarit-Barrera,qguillen@example.org,Bolivia,2024-10-12 06:32:51.980353,active
Victor Manuel Aristides Lorenzo Linares,hernandezdylan@example.org,Uruguay,2025-03-06 10:00:50.583759,inactive
Frank Walker,scotttina@example.org,Colombia,2025-01-15 15:03:52.403916,pending
Mariano Paniagua-Guerrero,michellerobbins@example.com,Mexico,2025-04-14 10:30:49.693534,pending
Christopher Thomas,scastaneda@example.com,Chile,2024-10-16 04:20:46.639644,suspended
Joanna Moran,hayesmark@example.org,Bolivia,2025-03-27 05:40:21.055296,active
Herminia Capdevila Royo,castanedaroberto@example.org,Colombia,2023-12-30 10:19:37.778001,inactive
Dawn Morgan,michaelturner@example.org,Chile,2024-10-20 07:49:47.725120,pending
Hernán de Vilalta,kmills@example.net,Colombia,2025-06-05 04:00:54.374439,active
Kelly Bennett,esmeralda47@example.org,Paraguay,2024-08-12 07:17:16.478170,suspended
John Page,tmeyer@example.net,Colombia,2024-12-09 10:59:07.280229,inactive
Fausto Sevillano Tomé,herminiacalleja@example.com,Peru,2024-09-30 03:39:50.154169,active
Heraclio Bernabé Benavente Rojas,sarellano@example.net,Colombia,2025-01-31 03:33:49.179020,pending
Nathaniel Coleman,laura71@example.net,Bolivia,2023-11-01 19:12:23.244716,active
Rodolfo del Valcárcel,fitopinol@example.net,Colombia,2023-11-26 09:01:39.625846,pending
Nancy Baker,andres34@example.org,Venezuela,2024-01-11 09:30:40.656771,pending
Felipe Espinosa Abellán,clementemarisela@example.com,Argentina,2023-07-28 18:09:37.982062,suspended
Timothy Murphy,rachel30@example.com,Paraguay,2024-03-05 03:03:54.454945,pending
Alec Conner,gortega@example.net,Colombia,2024-04-30 10:03:51.251461,inactive
Lisa Pruitt,ortegajordana@example.org,Peru,2024-01-01 22:15:41.150949,pending
Remigio Lledó Cabeza,zwoods@example.org,Uruguay,2024-01-29 20:50:17.355265,suspended
Melanie Morgan,qpablo@example.com,Venezuela,2025-01-15 06:37:58.218909,suspended
Lisa Thomas,martinsarah@example.net,Colombia,2024-05-04 04:11:38.154645,inactive
Maxi Valderrama Tomás,alexander83@example.com,Argentina,2024-10-08 13:37:11.883627,inactive
Christina Rice,sullivankaren@example.com,Argentina,2024-11-26 03:11:09.055457,suspended
Barbara Anderson,elaine13@example.org,Ecuador,2024-02-27 21:22:28.335076,pending
Julie Curtis,oweaver@example.com,Colombia,2023-10-14 03:09:33.498138,inactive
Dr. Anthony Ford,condemaximo@example.org,Colombia,2024-05-24 06:06:35.409014,inactive
Nazaret de Martorell,martinezanthony@example.com,Argentina,2023-11-23 12:12:24.865425,suspended
María José Perea Cabrera,jeffrey82@example.com,Colombia,2023-11-18 16:36:24.232850,active
Reyes Ferrándiz Barros,diezlaura@example.com,Colombia,2025-05-01 12:29:39.338353,pending
Carlito de Amo,ecarretero@example.com,Ecuador,2024-05-19 22:23:08.777422,suspended
Ángela Vélez Yáñez,williamfischer@example.org,Chile,2024-06-03 00:35:09.766158,pending
Jennifer Curtis,davidharris@example.net,Ecuador,2024-12-10 23:52:42.273702,inactive
Corona Álvaro Cuevas,jessicagarcia@example.com,Colombia,2025-05-27 05:04:29.668247,active
Loreto Cervantes Cobo,alejandracarrion@example.net,Chile,2024-04-08 07:39:00.157583,active
Richard Townsend,ricardo26@example.com,Ecuador,2024-09-17 10:41:02.950521,active
Amor Valero Figueras,austin98@example.com,Argentina,2025-01-24 04:51:49.733939,pending
Jaime Cooper,imeldachaves@example.com,Colombia,2024-01-09 11:19:48.902990,inactive
Regina Chapman,hayesshawn@example.org,Chile,2023-08-22 05:12:11.211838,pending
Kristina Blankenship,esmeralda25@example.com,Mexico,2023-11-09 15:05:51.338681,pending
Kenneth Mcgee,encarnacion33@example.net,Bolivia,2024-05-17 00:56:48.597990,inactive
Adelia Flavia Alberola Albero,casesgriselda@example.org,Colombia,2024-03-03 10:50:03.688687,active
Perla Prats Nieto,feliciacaparros@example.com,Mexico,2023-08-26 13:48:14.079903,pending
Severiano Sarabia-Bayo,donatovalencia@example.com,Colombia,2024-03-15 12:56:53.040524,pending
Chelsea Williams,kdouglas@example.net,Mexico,2024-01-02 09:36:42.503836,active
Curro del Carretero,luis80@example.org,Colombia,2025-03-24 14:33:44.135472,pending
José Manuel Sevillano Domingo,fsmith@example.com,Paraguay,2023-07-20 04:06:35.207788,pending
Frank Garcia,zazcona@example.net,Venezuela,2025-07-09 00:29:15.676507,inactive
Eloy Carvajal Piquer,jose-angelclavero@example.net,Venezuela,2024-03-30 06:38:00.961097,active
